jessica = JESSICA-ro
jocuri_și_toleranțe = jocuri+%C8%99i+toleran%C8%9Be-ro
katilo = Katilo-ro
kh = KH-ro
joc_cu_sumă_nulă = joc+cu+sum%C4%83+nul%C4%83-ro
jurisdicție = jurisdic%C8%9Bie-ro
jabhat_al-nusra = Jabhat+al-Nusra-ro
justificarea_scopului_călătoriei = justificarea+scopului+c%C4%83l%C4%83toriei-ro
juriști = Juri%C8%99ti-ro
jurist-asistent = jurist-asistent-ro
kbbe = KBBE-ro
kenya = Kenya-ro
jigging = jigging-ro
kalettes = Kalettes-ro
jit = JIT-ro
juncan = juncan-ro
jurnalism_de_date = jurnalism+de+date-ro
justețe_a_impunerii = juste%C8%9Be+a+impunerii-ro
km_de_linie = km+de+linie-ro
kordofanul_de_sud = Kordofanul+de+Sud-ro
krill_antarctic = krill+antarctic-ro
jaf = jaf-ro
jo = JO-ro
kampala = Kampala-ro
jido = JIDO-ro
jammer = jammer-ro
know-how_care_face_obiectul_licenței = know-how+care+face+obiectul+licen%C8%9Bei-ro
kuttera = Kuttera-ro
keyconet = KeyCoNet-ro
judecător_de_drept_comun = judec%C4%83tor+de+drept+comun-ro
jumară = jumar%C4%83-ro
jamaica = Jamaica-ro
khartoum = Khartoum-ro
jai = JAI-ro
jurisdicție_contencioasă = jurisdic%C8%9Bie+contencioas%C4%83-ro
jurnalul_oficial = Jurnalul+Oficial-ro
jurisdicție_fiscală = jurisdic%C8%9Bie+fiscal%C4%83-ro
joc_trucat_(spot-fixing) = joc+trucat+%28spot-fixing%29-ro
jaa = JAA-ro
joasă_tensiune = joas%C4%83+tensiune-ro
know-how = know-how-ro
kbr_2738 = KBR+2738-ro
krill = krill-ro
jus_ad_bellum = jus+ad+bellum-ro
jaspers = JASPERS-ro
jihad_mondial = jihad+mondial-ro
jot_mare = JOT+MARE-ro
kam = KAM-ro
justiție_restaurativă = justi%C8%9Bie+restaurativ%C4%83-ro
jcpoa = JCPOA-ro
jasus_paulensis = Jasus+paulensis-ro
jabhat_fatah_al-sham = Jabhat+Fatah+al-Sham-ro
jccc = JCCC-ro
judecător_ad-interim = judec%C4%83tor+ad-interim-ro
jpsg = JPSG-ro
kd = KD-ro
kedo = KEDO-ro
joc_cu_sumă_zero = joc+cu+sum%C4%83+zero-ro
junincă = juninc%C4%83-ro
keratită_ulcerativă = keratit%C4%83+ulcerativ%C4%83-ro
kiln = kiln-ro
jarosit = jarosit-ro
judecător_unic = judec%C4%83tor+unic-ro
juglandacee = juglandacee-ro
judecător_de_pace = judec%C4%83tor+de+pace-ro
jurnalul_oficial_al_comunităților_europene = Jurnalul+Oficial+al+Comunit%C4%83%C8%9Bilor+Europene-ro
jocuri_de_noroc_tradiționale = jocuri+de+noroc+tradi%C8%9Bionale-ro
jucător = juc%C4%83tor-ro
kilogram_efectiv = kilogram+efectiv-ro
justiție_socială = justi%C8%9Bie+social%C4%83-ro
kigali = Kigali-ro
kadaya = Kadaya-ro
jakarta = Jakarta-ro
joncțiune = jonc%C8%9Biune-ro
ji = JI-ro
kilometru_de_linie = kilometru+de+linie-ro
kuweit = Kuweit-ro
kazahstan = Kazahstan-ro
kinetocor = kinetocor-ro
jgheab = jgheab-ro
kârgâzstan = K%C3%A2rg%C3%A2zstan-ro
kosovo = Kosovo-ro
keratinocită_epidermică_netransformată_umană = keratinocit%C4%83+epidermic%C4%83+netransformat%C4%83+uman%C4%83-ro
jersey = Jersey-ro
jurisprudență_constantă = jurispruden%C8%9B%C4%83+constant%C4%83-ro
km-linie_desfășurată = km-linie+desf%C4%83%C8%99urat%C4%83-ro
jurnalul_oficial_al_oficiului_uniunii_europene_pentru_proprietate_intelectuală = Jurnalul+Oficial+al+Oficiului+Uniunii+Europene+pentru+Proprietate+Intelectual%C4%83-ro
jar = JAR-ro
jurnal_tehnic = jurnal+tehnic-ro
judecată = judecat%C4%83-ro
kfor = KFOR-ro
joue = JOUE-ro
kurceatoviu = kurceatoviu-ro
kripton = kripton-ro
jgheab_de_turnare = jgheab+de+turnare-ro
judecător = judec%C4%83tor-ro
karaya = Karaya-ro
kresoxim-metil = kresoxim-metil-ro
ketamină = ketamin%C4%83-ro
kiev = Kiev-ro
judecător_raportor = judec%C4%83tor+raportor-ro
justiție_în_interesul_copilului = justi%C8%9Bie+%C3%AEn+interesul+copilului-ro
jurisdicție_națională = jurisdic%C8%9Bie+na%C8%9Bional%C4%83-ro
jurământul_martorului = jur%C4%83m%C3%A2ntul+martorului-ro
jerboa = jerboa-ro
katowice = Katowice-ro
joc_de_supapă = joc+de+supap%C4%83-ro
jurnal_oficial_național = jurnal+oficial+na%C8%9Bional-ro
justiție_tranzițională = justi%C8%9Bie+tranzi%C8%9Bional%C4%83-ro
jurnalism_de_investigație = jurnalism+de+investiga%C8%9Bie-ro
justiție_penală = justi%C8%9Bie+penal%C4%83-ro
kerosen = kerosen-ro
judecător_supleant = judec%C4%83tor+supleant-ro
judecătorie = judec%C4%83torie-ro
jus_in_bello = jus+in+bello-ro
jurisdicție_obligatorie = jurisdic%C8%9Bie+obligatorie-ro
județ = jude%C8%9B-ro
kathmandu = Kathmandu-ro
khv = KHV-ro
joncțiune_p-n = jonc%C8%9Biune+p-n-ro
jurisdicție_extrateritorială = jurisdic%C8%9Bie+extrateritorial%C4%83-ro
kuala_lumpur = Kuala+Lumpur-ro
jurisdicție_opacă = jurisdic%C8%9Bie+opac%C4%83-ro
judecător_consultant = judec%C4%83tor+consultant-ro
judecător_delegat_cu_luarea_măsurilor_provizorii = judec%C4%83tor+delegat+cu+luarea+m%C4%83surilor+provizorii-ro
jasmine = JASMINE-ro
kingstown = Kingstown-ro
justiție_climatică = justi%C8%9Bie+climatic%C4%83-ro
juba = Juba-ro
jgheab_reflector_parabolic = jgheab+reflector+parabolic-ro
jaf_armat = jaf+armat-ro
kafala = kafala-ro
kraft = kraft-ro
justiție_de_tranziție = justi%C8%9Bie+de+tranzi%C8%9Bie-ro
japonia = Japonia-ro
jais = jais-ro
jalon = jalon-ro
kingston = Kingston-ro
joc_de_noroc = joc+de+noroc-ro
jeremie = JEREMIE-ro
jocuri_de_noroc_online = jocuri+de+noroc+online-ro
kullo = Kullo-ro
jpoi = JPoI-ro
juglandaceae = Juglandaceae-ro
jurist_cu_calificări_superioare = jurist+cu+calific%C4%83ri+superioare-ro
kiribati = Kiribati-ro
keratinocit = keratinocit-ro
jojă_indicatoare_de_nivel = joj%C4%83+indicatoare+de+nivel-ro
jurnal_de_bord = jurnal+de+bord-ro
jrc = JRC-ro
justiție_fiscală = justi%C8%9Bie+fiscal%C4%83-ro
jurist_principal = jurist+principal-ro
jurnalul_oficial_al_uniunii_europene = Jurnalul+Oficial+al+Uniunii+Europene-ro
kos = KOS-ro
jucător_online = juc%C4%83tor+online-ro
jecfa = JECFA-ro
khaya_spp. = Khaya+spp.-ro
kabul = Kabul-ro
jupuire = jupuire-ro
katsuobushi = katsuobushi-ro
kieselgur = kieselgur-ro
judecator = judecator-ro
kinshasa = Kinshasa-ro
kdd = KDD-ro
justiție_penală_internațională = justi%C8%9Bie+penal%C4%83+interna%C8%9Bional%C4%83-ro
keylogger = keylogger-ro
