buclă_de_inducție = bucl%C4%83+de+induc%C8%9Bie-ro
blogger = blogger-ro
biomasă_de_alge = biomas%C4%83+de+alge-ro
beta-lactamază = beta-lactamaz%C4%83-ro
bagaj_înregistrat = bagaj+%C3%AEnregistrat-ro
biroul_guvernamental_al_prim-ministrului = Biroul+guvernamental+al+prim-ministrului-ro
bangladesh = Bangladesh-ro
biostatistică = biostatistic%C4%83-ro
bunuri_succesorale = bunuri+succesorale-ro
bandă = band%C4%83-ro
biotă = biot%C4%83-ro
bagaj_neridicat = bagaj+neridicat-ro
biroul_de_legătură_al_parlamentului_european_în_lituania = Biroul+de+leg%C4%83tur%C4%83+al+Parlamentului+European+%C3%AEn+Lituania-ro
biocombustibil_de_a_doua_generație = biocombustibil+de+a+doua+genera%C8%9Bie-ro
bursă_regională = burs%C4%83+regional%C4%83-ro
beneficiar_al_unei_substanțe_sau_al_unui_preparat = beneficiar+al+unei+substan%C8%9Be+sau+al+unui+preparat-ro
baza_de_date_europeană_privind_rănirile = Baza+de+date+european%C4%83+privind+r%C4%83nirile-ro
bcdmn = BCDMN-ro
boală_cronică = boal%C4%83+cronic%C4%83-ro
businesseurope = BUSINESSEUROPE-ro
boala_alzheimer = boala+Alzheimer-ro
beneficiu_de_asistență_socială_în_bani = beneficiu+de+asisten%C8%9B%C4%83+social%C4%83+%C3%AEn+bani-ro
boxă_individuală = box%C4%83+individual%C4%83-ro
boala_de_sparta = boala+de+Sparta-ro
bref = BREF-ro
balon_cotat = balon+cotat-ro
bronhie_extralobulară = bronhie+extralobular%C4%83-ro
bară_colectoare = bar%C4%83+colectoare-ro
bia = BIA-ro
bazin_de_scufundare/plutire = bazin+de+scufundare%2Fplutire-ro
biometrie_multimodală = biometrie+multimodal%C4%83-ro
bacă = bac%C4%83-ro
barieră_lingvistică = barier%C4%83+lingvistic%C4%83-ro
boală_profesională = boal%C4%83+profesional%C4%83-ro
berlinala = Berlinala-ro
biologie = biologie-ro
balon = balon-ro
boboc = boboc-ro
balena_tropicală = balena+tropical%C4%83-ro
braț_de_troleu = bra%C8%9B+de+troleu-ro
bisulfit_de_amoniu = bisulfit+de+amoniu-ro
bunuri_de_capital = bunuri+de+capital-ro
butan = butan-ro
bamako = Bamako-ro
bază_de_date = baz%C4%83+de+date-ro
biroul_de_legătură_al_parlamentului_european_în_țările_de_jos = Biroul+de+leg%C4%83tur%C4%83+al+Parlamentului+European+%C3%AEn+%C8%9A%C4%83rile+de+Jos-ro
buna_desfășurare_a_unei_proceduri = buna+desf%C4%83%C8%99urare+a+unei+proceduri-ro
brevet_comunitar = brevet+comunitar-ro
biroul_unui_grup_politic = biroul+unui+grup+politic-ro
baston_cu_electroșocuri = baston+cu+electro%C8%99ocuri-ro
bunuri_imobile = bunuri+imobile-ro
biroul_privat_al_președintelui_consiliului_european = Biroul+privat+al+pre%C8%99edintelui+Consiliului+European-ro
bpm5 = BPM5-ro
buget_regional = buget+regional-ro
brandenburg = Brandenburg-ro
biometanol = biometanol-ro
briză_de_munte = briz%C4%83+de+munte-ro
bunuri_comercializabile = bunuri+comercializabile-ro
bilanț_al_acțiunilor = bilan%C8%9B+al+ac%C8%9Biunilor-ro
bioeliminare = bioeliminare-ro
bilingvism = bilingvism-ro
bhk-lc = BHK-LC-ro
bce = BCE-ro
bun_grevat = bun+grevat-ro
biroul_comun_al_organizației_națiunilor_unite_pentru_drepturile_omului = Biroul+comun+al+Organiza%C8%9Biei+Na%C8%9Biunilor+Unite+pentru+drepturile+omului-ro
biarum_ditschianum = Biarum+ditschianum-ro
bowenia_spp. = Bowenia+spp.-ro
bonitate_financiară = bonitate+financiar%C4%83-ro
boală_endemică = boal%C4%83+endemic%C4%83-ro
bacterie_multirezistentă = bacterie+multirezistent%C4%83-ro
btu = BTU-ro
bei_informații = BEI+Informa%C8%9Bii-ro
boală_infecțioasă = boal%C4%83+infec%C8%9Bioas%C4%83-ro
biografie = biografie-ro
bibliotecă = bibliotec%C4%83-ro
bandă_largă = band%C4%83+larg%C4%83-ro
balena_cu_cioc_a_lui_cuvier = balena+cu+cioc+a+lui+Cuvier-ro
bemip = BEMIP-ro
balena_albastră = balena+albastr%C4%83-ro
baroneasă = baroneas%C4%83-ro
bombezină = bombezin%C4%83-ro
bupirimat = bupirimat-ro
bancă_agricolă = banc%C4%83+agricol%C4%83-ro
banc_de_probă = banc+de+prob%C4%83-ro
balon_pilot = balon+pilot-ro
bi = BI-ro
bacterii_lactice = bacterii+lactice-ro
bilanț_de_sănătate_al_reformei_pac = bilan%C8%9B+de+s%C4%83n%C4%83tate+al+reformei+PAC-ro
borneol = borneol-ro
bandă_neiritantă = band%C4%83+neiritant%C4%83-ro
butaș = buta%C8%99-ro
brevet_de_bază = brevet+de+baz%C4%83-ro
barieră_absolută = barier%C4%83+absolut%C4%83-ro
boală_cu_transmitere_hidrică = boal%C4%83+cu+transmitere+hidric%C4%83-ro
backhaul = backhaul-ro
bobinare = bobinare-ro
boala_aran-duchenne = boala+Aran-Duchenne-ro
brad_nord-american = brad+nord-american-ro
bioreactor_cu_membrană = bioreactor+cu+membran%C4%83-ro
bulgaria = Bulgaria-ro
bonificație_la_reînnoirea_contractului_fără_daune_produse = bonifica%C8%9Bie+la+re%C3%AEnnoirea+contractului+f%C4%83r%C4%83+daune+produse-ro
bord_sub_vânt = bord+sub+v%C3%A2nt-ro
biostimulator_de_creștere_a_plantelor,_de_natură_organică = biostimulator+de+cre%C8%99tere+a+plantelor%2C+de+natur%C4%83+organic%C4%83-ro
biodiesel_fischer-tropsch = biodiesel+Fischer-Tropsch-ro
balanță_comercială = balan%C8%9B%C4%83+comercial%C4%83-ro
basculare = basculare-ro
bundestagul_germaniei = Bundestagul+Germaniei-ro
baterie = baterie-ro
buclă_locală_pe_suport_radio = bucl%C4%83+local%C4%83+pe+suport+radio-ro
bara_de_remorcare = bara+de+remorcare-ro
basseterre = Basseterre-ro
basel_iii = Basel+III-ro
butadienă = butadien%C4%83-ro
bobină_de_comandă = bobin%C4%83+de+comand%C4%83-ro
bioeconomie_bazată_pe_cunoaștere = bioeconomie+bazat%C4%83+pe+cunoa%C8%99tere-ro
bolț_de_cârmă = bol%C8%9B+de+c%C3%A2rm%C4%83-ro
beta-lactamază_ampc = beta-lactamaz%C4%83+AmpC-ro
banca_interamericană_de_dezvoltare = Banca+Interamerican%C4%83+de+Dezvoltare-ro
biroul_secțiunii = biroul+sec%C8%9Biunii-ro
bișkek = Bi%C8%99kek-ro
budism = budism-ro
beneficiar_al_unei_licențe = beneficiar+al+unei+licen%C8%9Be-ro
beta-lactamază_cu_spectru_extins = beta-lactamaz%C4%83+cu+spectru+extins-ro
binomial = binomial-ro
biotest_celular = biotest+celular-ro
barcă_de_urgență = barc%C4%83+de+urgen%C8%9B%C4%83-ro
beneficiu_pentru_societate = beneficiu+pentru+societate-ro
baretă = baret%C4%83-ro
biochimie = biochimie-ro
bon_de_trezorerie = bon+de+trezorerie-ro
baza_de_date_europeană_de_referință_privind_ciclul_de_viață = baza+de+date+european%C4%83+de+referin%C8%9B%C4%83+privind+ciclul+de+via%C8%9B%C4%83-ro
biroul_pentru_probleme_de_dezarmare = Biroul+pentru+probleme+de+dezarmare-ro
bursă_de_energie = burs%C4%83+de+energie-ro
biroul_cabinetului = Biroul+Cabinetului-ro
birou_familial = birou+familial-ro
beton_asfaltic = beton+asfaltic-ro
biroul_de_legătură_al_parlamentului_european_de_la_strasbourg = Biroul+de+leg%C4%83tur%C4%83+al+Parlamentului+European+de+la+Strasbourg-ro
botanică = botanic%C4%83-ro
biban_cu_ochiul_auriu = biban+cu+ochiul+auriu-ro
biocombustibil_pe_bază_de_culturi_alimentare = biocombustibil+pe+baz%C4%83+de+culturi+alimentare-ro
balena_cu_nas_borcănat_din_nord = balena+cu+nas+borc%C4%83nat+din+nord-ro
biodegradabilitate_ușoară = biodegradabilitate+u%C8%99oar%C4%83-ro
bănuț = b%C4%83nu%C8%9B-ro
bf = BF-ro
bain-marie = bain-marie-ro
ber = BER-ro
bw = BW-ro
boală_orfană = boal%C4%83+orfan%C4%83-ro
bfsr = BFSR-ro
benzină = benzin%C4%83-ro
bradicardie = bradicardie-ro
blp = BLP-ro
bun_de_ocazie = bun+de+ocazie-ro
bisulfit_de_calciu = bisulfit+de+calciu-ro
buclă_inductivă = bucl%C4%83+inductiv%C4%83-ro
biroul_internațional_al_muncii = Biroul+Interna%C8%9Bional+al+Muncii-ro
bază_monetară = baz%C4%83+monetar%C4%83-ro
beneficiar = beneficiar-ro
borură = borur%C4%83-ro
bună_practică_de_fabricație = bun%C4%83+practic%C4%83+de+fabrica%C8%9Bie-ro
boala_niemann-pick = boala+Niemann-Pick-ro
boostrapare = boostrapare-ro
bază_pentru_conluzii = baz%C4%83+pentru+conluzii-ro
boală_ereditară = boal%C4%83+ereditar%C4%83-ro
bancă_în_dificultate_majoră = banc%C4%83+%C3%AEn+dificultate+major%C4%83-ro
bază_de_competențe = baz%C4%83+de+competen%C8%9Be-ro
benzenmetanol = benzenmetanol-ro
buletin_de_expediere_tr = buletin+de+expediere+TR-ro
bps = bps-ro
biroul_națiunilor_unite_de_la_viena = Biroul+Na%C8%9Biunilor+Unite+de+la+Viena-ro
buenos_aires = Buenos+Aires-ro
baleiere = baleiere-ro
baie_de_alcool = baie+de+alcool-ro
boala_de_nairobi = boala+de+Nairobi-ro
buna_guvernanță_în_chestiuni_fiscale = buna+guvernan%C8%9B%C4%83+%C3%AEn+chestiuni+fiscale-ro
burundi = Burundi-ro
biomasă_acvatică = biomas%C4%83+acvatic%C4%83-ro
bacteriemie_nosocomială = bacteriemie+nosocomial%C4%83-ro
băutură_aromatizată_pe_bază_de_vin = b%C4%83utur%C4%83+aromatizat%C4%83+pe+baz%C4%83+de+vin-ro
bombă_care_explodează = bomb%C4%83+care+explodeaz%C4%83-ro
bufnița_mare_cornută = bufni%C8%9Ba+mare+cornut%C4%83-ro
brokeraj_de_retail = brokeraj+de+retail-ro
beneficiar_real = beneficiar+real-ro
bucla_reactorului = bucla+reactorului-ro
bibilică = bibilic%C4%83-ro
baie_cu_ultrasunete = baie+cu+ultrasunete-ro
benzină_auto = benzin%C4%83+auto-ro
bunăstarea_animalelor = bun%C4%83starea+animalelor-ro
brichet = brichet-ro
bilanțul_nutrienților = bilan%C8%9Bul+nutrien%C8%9Bilor-ro
barbotor_cu_frită = barbotor+cu+frit%C4%83-ro
bunuri_de_capital_cu_durată_lungă = bunuri+de+capital+cu+durat%C4%83+lung%C4%83-ro
balena_cu_cioc_a_lui_shepherd = balena+cu+cioc+a+lui+Shepherd-ro
boicuș = boicu%C8%99-ro
bigă = big%C4%83-ro
birou_cu_competențe_în_materie_de_bandă_largă = birou+cu+competen%C8%9Be+%C3%AEn+materie+de+band%C4%83+larg%C4%83-ro
balon_cu_fund_rotund = balon+cu+fund+rotund-ro
bacterie_panrezistentă = bacterie+panrezistent%C4%83-ro
barbotină = barbotin%C4%83-ro
berberidacee = berberidacee-ro
bcbs = BCBS-ro
bitum = bitum-ro
babușcă = babu%C8%99c%C4%83-ro
bradiartimie = bradiartimie-ro
bologna = Bologna-ro
bronhie = bronhie-ro
biomasă_forestieră = biomas%C4%83+forestier%C4%83-ro
balena-pilot_cu_înotătoare_scurte = balena-pilot+cu+%C3%AEnot%C4%83toare+scurte-ro
baliză_instrumentală = baliz%C4%83+instrumental%C4%83-ro
bivalve_marine = bivalve+marine-ro
bombă_cu_submuniție = bomb%C4%83+cu+submuni%C8%9Bie-ro
backwardation = backwardation-ro
biocombustibil_lichid = biocombustibil+lichid-ro
biroul_european_pentru_coexistență = Biroul+european+pentru+coexisten%C8%9B%C4%83-ro
basilicata = Basilicata-ro
banderolă_pentru_alungarea_păsărilor = banderol%C4%83+pentru+alungarea+p%C4%83s%C4%83rilor-ro
boala_kugelberg-welander = boala+Kugelberg-Welander-ro
blocant_neuromuscular = blocant+neuromuscular-ro
boala_petelor_albe = boala+petelor+albe-ro
buclier = buclier-ro
bss = BSS-ro
biroul_organizației_națiunilor_unite_pentru_reducerea_riscurilor_de_dezastre = Biroul+Organiza%C8%9Biei+Na%C8%9Biunilor+Unite+pentru+reducerea+riscurilor+de+dezastre-ro
buget_administrativ = buget+administrativ-ro
bromeliacee = bromeliacee-ro
boală_cardiacă_ischemică = boal%C4%83+cardiac%C4%83+ischemic%C4%83-ro
biroul_european_de_sprijin_pentru_azil = Biroul+European+de+Sprijin+pentru+Azil-ro
briză_de_vale = briz%C4%83+de+vale-ro
boli_neglijate_și_legate_de_sărăcie = boli+neglijate+%C8%99i+legate+de+s%C4%83r%C4%83cie-ro
broască = broasc%C4%83-ro
beneficiu_conex = beneficiu+conex-ro
boală_neurologică = boal%C4%83+neurologic%C4%83-ro
bibliografie = bibliografie-ro
boala_„cap_galben” = boala+%E2%80%9Ecap+galben%E2%80%9D-ro
blocare_a_utilizatorilor_de_tip_shadow-banning = blocare+a+utilizatorilor+de+tip+shadow-banning-ro
biroul_de_legătură_al_parlamentului_european_în_belgia = Biroul+de+leg%C4%83tur%C4%83+al+Parlamentului+European+%C3%AEn+Belgia-ro
branț = bran%C8%9B-ro
bandă_de_octavă = band%C4%83+de+octav%C4%83-ro
bază_de_operare_hems = baz%C4%83+de+operare+HEMS-ro
broker = broker-ro
bloc_de_nerv_sciatic_proximal = bloc+de+nerv+sciatic+proximal-ro
bune_practici_de_laborator = bune+practici+de+laborator-ro
bilanț_condensat = bilan%C8%9B+condensat-ro
berlin = Berlin-ro
barlia_robertiana = Barlia+robertiana-ro
bandă_de_frecvență = band%C4%83+de+frecven%C8%9B%C4%83-ro
biroul_de_legătură_al_parlamentului_european_în_ungaria = Biroul+de+leg%C4%83tur%C4%83+al+Parlamentului+European+%C3%AEn+Ungaria-ro
biroul_european_pentru_mediu = Biroul+European+pentru+Mediu-ro
bunuri_necomercializabile = bunuri+necomercializabile-ro
bandar_seri_begawan = Bandar+Seri+Begawan-ro
biodegradabilitate_primară = biodegradabilitate+primar%C4%83-ro
backdoor = backdoor-ro
bacterie_patogenă = bacterie+patogen%C4%83-ro
brexit_„orb” = Brexit+%E2%80%9Eorb%E2%80%9D-ro
bentonită = bentonit%C4%83-ro
barieră = barier%C4%83-ro
banca_comerciala_româna = Banca+Comerciala+Rom%C3%A2na-ro
b2b = B2B-ro
birou_vamal_de_plasare = birou+vamal+de+plasare-ro
boli_produse_de_buniavirusuri_la_animale = boli+produse+de+buniavirusuri+la+animale-ro
bancă_bună = banc%C4%83+bun%C4%83-ro
biroul_de_gestionare_a_proiectelor = Biroul+de+gestionare+a+proiectelor-ro
bmdl10 = BMDL10-ro
bus = bus-ro
beuc = BEUC-ro
bec_economic = bec+economic-ro
bromat = bromat-ro
belize = Belize-ro
buletin_de_service = buletin+de+service-ro
baie_de_apă_la_fierbere = baie+de+ap%C4%83+la+fierbere-ro
bonus_regional = bonus+regional-ro
bandă_de_evidență_progresivă_a_zborului = band%C4%83+de+eviden%C8%9B%C4%83+progresiv%C4%83+a+zborului-ro
bun_taxabil = bun+taxabil-ro
bruceloză = bruceloz%C4%83-ro
boala_teschen = boala+Teschen-ro
biomasă_de_suprafață = biomas%C4%83+de+suprafa%C8%9B%C4%83-ro
barieră_în_calea_comerțului = barier%C4%83+%C3%AEn+calea+comer%C8%9Bului-ro
bancă_în_curs_de_a_intra_în_dificultate = banc%C4%83+%C3%AEn+curs+de+a+intra+%C3%AEn+dificultate-ro
barieră_relativă = barier%C4%83+relativ%C4%83-ro
batată = batat%C4%83-ro
banca_mondială = Banca+Mondial%C4%83-ro
bază_de_capital = baz%C4%83+de+capital-ro
biocombustibil_de_a_treia_generație = biocombustibil+de+a+treia+genera%C8%9Bie-ro
benzoat_de_sodiu = benzoat+de+sodiu-ro
bilet = bilet-ro
bancnota_euro = bancnota+euro-ro
banchetă = banchet%C4%83-ro
barcă_de_salvare = barc%C4%83+de+salvare-ro
boală_toxică = boal%C4%83+toxic%C4%83-ro
bipar = BIPAR-ro
boală_a_glandei_pituitare = boal%C4%83+a+glandei+pituitare-ro
banjul = Banjul-ro
benelux = Benelux-ro
bunuri_publice_globale = bunuri+publice+globale-ro
boala_vrolik = boala+Vrolik-ro
brevet_esențial_pentru_standard = brevet+esen%C8%9Bial+pentru+standard-ro
bunuri_de_scurtă_folosință = bunuri+de+scurt%C4%83+folosin%C8%9B%C4%83-ro
bursă_de_mărfuri = burs%C4%83+de+m%C4%83rfuri-ro
blog = blog-ro
biochar = biochar-ro
boala_hemoragică_a_iepurelui = boala+hemoragic%C4%83+a+iepurelui-ro
bobină_de_control = bobin%C4%83+de+control-ro
banca_islamică_de_dezvoltare = Banca+Islamic%C4%83+de+Dezvoltare-ro
bilanțul_reactivității = bilan%C8%9Bul+reactivit%C4%83%C8%9Bii-ro
benzină_de_piroliză = benzin%C4%83+de+piroliz%C4%83-ro
bujorel = bujorel-ro
bei_info = BEI+INFO-ro
brevet = brevet-ro
brădișor = br%C4%83di%C8%99or-ro
big_data = Big+Data-ro
beauvericină = beauvericin%C4%83-ro
bandă_de_frecvențe = band%C4%83+de+frecven%C8%9Be-ro
baston_cu_ținte = baston+cu+%C8%9Binte-ro
barbotare = barbotare-ro
beriliu = beriliu-ro
bridgetown = Bridgetown-ro
boală_autoimună = boal%C4%83+autoimun%C4%83-ro
butilenă = butilen%C4%83-ro
bondar = bondar-ro
bluetongue = bluetongue-ro
bazin_elastic = bazin+elastic-ro
boală_zoonotică = boal%C4%83+zoonotic%C4%83-ro
burg_londonez = burg+londonez-ro
baliză = baliz%C4%83-ro
beneficiar_final = beneficiar+final-ro
boala_urechilor_albastre = boala+urechilor+albastre-ro
biometrie = biometrie-ro
bisulfit_de_potasiu = bisulfit+de+potasiu-ro
bancă_de_celule_de_lucru = banc%C4%83+de+celule+de+lucru-ro
bilanț_anual_de_guvernanță = bilan%C8%9B+anual+de+guvernan%C8%9B%C4%83-ro
bujie_de_aprindere_caldă = bujie+de+aprindere+cald%C4%83-ro
biodegradare_intrinsecă = biodegradare+intrinsec%C4%83-ro
bulă_pentru_semnalizarea_ancorării = bul%C4%83+pentru+semnalizarea+ancor%C4%83rii-ro
beneficiar_al_succesiunii = beneficiar+al+succesiunii-ro
boală_nereglementată = boal%C4%83+nereglementat%C4%83-ro
biomasă = biomas%C4%83-ro
butoi = butoi-ro
buton_de_panică = buton+de+panic%C4%83-ro
baza_de_angajamente = baza+de+angajamente-ro
bază_liberă = baz%C4%83+liber%C4%83-ro
bază_de_calcul_al_amortizării = baz%C4%83+de+calcul+al+amortiz%C4%83rii-ro
blocaj_tehnologic = blocaj+tehnologic-ro
biodegradabilitate = biodegradabilitate-ro
bz = BZ-ro
biroul_reprezentantului_special_al_uniunii_europene_în_afganistan = Biroul+reprezentantului+special+al+Uniunii+Europene+%C3%AEn+Afganistan-ro
bancă = banc%C4%83-ro
brimc = BRIMC-ro
bune_practici = bune+practici-ro
bază_de_date_europeană_privind_precursorii_de_droguri = baz%C4%83+de+date+european%C4%83+privind+precursorii+de+droguri-ro
bulion_de_îmbogățire = bulion+de+%C3%AEmbog%C4%83%C8%9Bire-ro
boala_lobstein = boala+Lobstein-ro
bilanț_de_mediu = bilan%C8%9B+de+mediu-ro
boiler_instalat_pe_acoperis = boiler+instalat+pe+acoperis-ro
bazin_de_retenție_a_viiturilor,_bazin_de_deversare = bazin+de+reten%C8%9Bie+a+viiturilor%2C+bazin+de+deversare-ro
bgps-mediu = BGPS-mediu-ro
brutărie = brut%C4%83rie-ro
boala_„degetelor_albe” = boala+%E2%80%9Edegetelor+albe%E2%80%9D-ro
boala_tremurătoare_a_oilor = boala+tremur%C4%83toare+a+oilor-ro
barbun_vărgat = barbun+v%C4%83rgat-ro
bsssc = BSSSC-ro
brevet_al_uniunii_europene = brevet+al+Uniunii+Europene-ro
boala_lou_gehrig = boala+Lou+Gehrig-ro
biocarburant = biocarburant-ro
bancă_ipotecară = banc%C4%83+ipotecar%C4%83-ro
brasicacee = brasicacee-ro
biroul_pentru_instituții_democratice_și_drepturile_omului = Biroul+pentru+Institu%C8%9Bii+Democratice+%C8%99i+Drepturile+Omului-ro
boala_punctelor_albe = boala+punctelor+albe-ro
balmea_stormiae = Balmea+stormiae-ro
bus_pci = bus+PCI-ro
barieră_tarifară = barier%C4%83+tarifar%C4%83-ro
benzinărie = benzin%C4%83rie-ro
baza_fiscală_a_unui_activ_sau_a_unei_datorii = baza+fiscal%C4%83+a+unui+activ+sau+a+unei+datorii-ro
bandă_de_valență = band%C4%83+de+valen%C8%9B%C4%83-ro
bpl = BPL-ro
buciniș = bucini%C8%99-ro
becațina_mare = beca%C8%9Bina+mare-ro
banner_web = banner+web-ro
bvp = BVP-ro
bune_practici_inginerești = bune+practici+inginere%C8%99ti-ro
biroul_european_de_informare_privind_romii = Biroul+European+de+Informare+privind+Romii-ro
bacterie_termofilă = bacterie+termofil%C4%83-ro
boștină = bo%C8%99tin%C4%83-ro
biochimie_clinică = biochimie+clinic%C4%83-ro
beneficiar_al_unui_articol = beneficiar+al+unui+articol-ro
bancă_comercială = banc%C4%83+comercial%C4%83-ro
bancă_centrală_națională_al = banc%C4%83+central%C4%83+na%C8%9Bional%C4%83+AL-ro
bacterie_mdr = bacterie+MDR-ro
bha = BHA-ro
burete_domnesc = burete+domnesc-ro
birou_vamal_de_destinație = birou+vamal+de+destina%C8%9Bie-ro
biroul_grupului = biroul+grupului-ro
bacterie_comensală_indicatoare = bacterie+comensal%C4%83+indicatoare-ro
bulb_olfactiv = bulb+olfactiv-ro
bază_fiscală_consolidată_comună_a_societăților = baz%C4%83+fiscal%C4%83+consolidat%C4%83+comun%C4%83+a+societ%C4%83%C8%9Bilor-ro
birou_unic_de_legătură = birou+unic+de+leg%C4%83tur%C4%83-ro
biroul_comun_al_onu_pentru_drepturile_omului = Biroul+comun+al+ONU+pentru+drepturile+omului-ro
boala_neuronului_motor = boala+neuronului+motor-ro
balena_pitică = balena+pitic%C4%83-ro
birou_de_raportare_al_serviciilor_de_trafic_aerian = birou+de+raportare+al+serviciilor+de+trafic+aerian-ro
bună_gestiune_financiară = bun%C4%83+gestiune+financiar%C4%83-ro
biomasă_virgină = biomas%C4%83+virgin%C4%83-ro
benzo(b)fluoranten = benzo%28b%29fluoranten-ro
bună_vecinătate = bun%C4%83+vecin%C4%83tate-ro
bunuri = bunuri-ro
bandă_de_frecvențe_asignată = band%C4%83+de+frecven%C8%9Be+asignat%C4%83-ro
butoi_cu_exploziv = butoi+cu+exploziv-ro
belarus = Belarus-ro
biohaz = BIOHAZ-ro
bonus = BONUS-ro
bec_cu_două_filamente = bec+cu+dou%C4%83+filamente-ro
bilanț_alimentar = bilan%C8%9B+alimentar-ro
bulnesia_arborea = Bulnesia+arborea-ro
breaslă = breasl%C4%83-ro
blocare = blocare-ro
bundesratul_germaniei = Bundesratul+Germaniei-ro
balanță_de_plăți = balan%C8%9B%C4%83+de+pl%C4%83%C8%9Bi-ro
brad_de_spania = brad+de+Spania-ro
bou-de-mare = bou-de-mare-ro
beta-ciclodextrină = beta-ciclodextrin%C4%83-ro
birou_de_garanție = birou+de+garan%C8%9Bie-ro
bifentrin = bifentrin-ro
biotină = biotin%C4%83-ro
biroul_trimisului_special_la_mostar = Biroul+Trimisului+Special+la+Mostar-ro
birou = birou-ro
bolț_de_siguranță = bol%C8%9B+de+siguran%C8%9B%C4%83-ro
banc_de_încercare_pentru_motoare = banc+de+%C3%AEncercare+pentru+motoare-ro
bancă_privată = banc%C4%83+privat%C4%83-ro
boală_diareică = boal%C4%83+diareic%C4%83-ro
bază_fiscală_consolidată = baz%C4%83+fiscal%C4%83+consolidat%C4%83-ro
buget_suplimentar = buget+suplimentar-ro
brusture = brusture-ro
balena_cenușie = balena+cenu%C8%99ie-ro
bombă_cu_dispersie = bomb%C4%83+cu+dispersie-ro
boală_cu_transmitere_hematogenă = boal%C4%83+cu+transmitere+hematogen%C4%83-ro
biroul_european_de_telecomunicații = Biroul+European+de+Telecomunica%C8%9Bii-ro
biovar = biovar-ro
bdo = BDO-ro
beta-agonist = beta-agonist-ro
biomasă_microbiană = biomas%C4%83+microbian%C4%83-ro
bioscruber = bioscruber-ro
beldiță = beldi%C8%9B%C4%83-ro
bei = BEI-ro
bun_imobil_locativ = bun+imobil+locativ-ro
brichetă = brichet%C4%83-ro
buget_rectificativ = buget+rectificativ-ro
barem_standard_pentru_costurile_unitare = barem+standard+pentru+costurile+unitare-ro
bornă_a_bateriei = born%C4%83+a+bateriei-ro
bază_de_proiect = baz%C4%83+de+proiect-ro
boală_emergentă = boal%C4%83+emergent%C4%83-ro
briză_de_mare = briz%C4%83+de+mare-ro
bun_vacant = bun+vacant-ro
biban-de-mare_european = biban-de-mare+european-ro
boală_criptogamică = boal%C4%83+criptogamic%C4%83-ro
birefringență = birefringen%C8%9B%C4%83-ro
bandă_de_rulare = band%C4%83+de+rulare-ro
bg = BG-ro
boghiu = boghiu-ro
bixină = bixin%C4%83-ro
beneficiar_al_garanției = beneficiar+al+garan%C8%9Biei-ro
bulb_arterial = bulb+arterial-ro
bagaj_de_mână = bagaj+de+m%C3%A2n%C4%83-ro
birou_meteorologic = birou+meteorologic-ro
bunuri_personale_dobândite_pe_cale_succesorală = bunuri+personale+dob%C3%A2ndite+pe+cale+succesoral%C4%83-ro
boală_cu_declarare_obligatorie = boal%C4%83+cu+declarare+obligatorie-ro
blocant_al_canalelor_de_sodiu = blocant+al+canalelor+de+sodiu-ro
bursă_de_valori = burs%C4%83+de+valori-ro
balena_dreaptă = balena+dreapt%C4%83-ro
biogaz = biogaz-ro
byte = byte-ro
bpoc = BPOC-ro
bulă_speculativă = bul%C4%83+speculativ%C4%83-ro
bacterie_mezofilă = bacterie+mezofil%C4%83-ro
buton_de_deblocare_a_cataramei_integrat = buton+de+deblocare+a+cataramei+integrat-ro
boală_metabolică = boal%C4%83+metabolic%C4%83-ro
biobutanol = biobutanol-ro
bandă_de_energie = band%C4%83+de+energie-ro
bancă_națională_de_promovare = banc%C4%83+na%C8%9Bional%C4%83+de+promovare-ro
boala_pick = boala+Pick-ro
biocarburant_durabil = biocarburant+durabil-ro
bazin_carbogenerator = bazin+carbogenerator-ro
beneficii_ale_angajaților_pe_termen_lung = beneficii+ale+angaja%C8%9Bilor+pe+termen+lung-ro
bhwr = BHWR-ro
birou_vamal_de_control = birou+vamal+de+control-ro
balanță_de_torsiune = balan%C8%9B%C4%83+de+torsiune-ro
bitd = BITD-ro
bază_de_sondaj = baz%C4%83+de+sondaj-ro
blsac = BlSAC-ro
barieră_sânge-testicul = barier%C4%83+s%C3%A2nge-testicul-ro
bază_de_impozitare = baz%C4%83+de+impozitare-ro
balanță_de_verificare = balan%C8%9B%C4%83+de+verificare-ro
bioindustrie = bioindustrie-ro
beneficiar_al_unei_pensii_amânate = beneficiar+al+unei+pensii+am%C3%A2nate-ro
bronhodilatare = bronhodilatare-ro
birou_de_raportare_ats = birou+de+raportare+ATS-ro
brics = BRICS-ro
banca_federală_germană = Banca+Federal%C4%83+German%C4%83-ro
biroul_onu_pentru_droguri_și_criminalitate = Biroul+ONU+pentru+Droguri+%C8%99i+Criminalitate-ro
boxă_cu_mănuși = box%C4%83+cu+m%C4%83nu%C8%99i-ro
bronșita_aviară_infecțioasă = bron%C8%99ita+aviar%C4%83+infec%C8%9Bioas%C4%83-ro
beneficiu_fiscal = beneficiu+fiscal-ro
bilanț_masic = bilan%C8%9B+masic-ro
bifurcația_cozii = bifurca%C8%9Bia+cozii-ro
băutură_alcoolică = b%C4%83utur%C4%83+alcoolic%C4%83-ro
boala_creutzfeldt-jacob = boala+Creutzfeldt-Jacob-ro
bună_practică_de_laborator = bun%C4%83+practic%C4%83+de+laborator-ro
bielă = biel%C4%83-ro
beton = beton-ro
boala_cașectizantă_cronică_a_cervidelor = boala+ca%C8%99ectizant%C4%83+cronic%C4%83+a+cervidelor-ro
bismut = bismut-ro
butaș_pentru_înrădăcinare = buta%C8%99+pentru+%C3%AEnr%C4%83d%C4%83cinare-ro
babord = babord-ro
bbp = BBP-ro
bilanț_de_aprovizionare = bilan%C8%9B+de+aprovizionare-ro
bună_conduită_profesională = bun%C4%83+conduit%C4%83+profesional%C4%83-ro
bht = BHT-ro
biomarker = biomarker-ro
baza_de_date_internațională_uniformizată_pentru_substanțe_chimice = Baza+de+date+interna%C8%9Bional%C4%83+uniformizat%C4%83+pentru+substan%C8%9Be+chimice-ro
boz = boz-ro
bărbați_care_întrețin_relații_sexuale_cu_bărbați = b%C4%83rba%C8%9Bi+care+%C3%AEntre%C8%9Bin+rela%C8%9Bii+sexuale+cu+b%C4%83rba%C8%9Bi-ro
boală_poligenică = boal%C4%83+poligenic%C4%83-ro
butuc_de_roată = butuc+de+roat%C4%83-ro
banca_europeană_de_date_referitoare_la_dispozitivele_medicale = Banca+european%C4%83+de+date+referitoare+la+dispozitivele+medicale-ro
balena_cu_cioc_a_lui_baird = balena+cu+cioc+a+lui+Baird-ro
bgcc = BGCC-ro
bază_subconsolidată = baz%C4%83+subconsolidat%C4%83-ro
biroul_de_legătură_al_parlamentului_european_în_cipru = Biroul+de+leg%C4%83tur%C4%83+al+Parlamentului+European+%C3%AEn+Cipru-ro
buget_local = buget+local-ro
bandă_de_o_treime_de_octavă = band%C4%83+de+o+treime+de+octav%C4%83-ro
beneficii_pe_termen_scurt_ale_angajaților = beneficii+pe+termen+scurt+ale+angaja%C8%9Bilor-ro
biomaterie = biomaterie-ro
biroul_permanent_al_parlamentului = biroul+permanent+al+parlamentului-ro
bariere_tehnice = bariere+tehnice-ro
benzo(a)piren = benzo%28a%29piren-ro
bancă_de_investiții = banc%C4%83+de+investi%C8%9Bii-ro
benzină_specială = benzin%C4%83+special%C4%83-ro
barză = barz%C4%83-ro
bunuri_materiale_terestre = bunuri+materiale+terestre-ro
bulnesia_sarmientoi = Bulnesia+sarmientoi-ro
biroul_de_legătură_al_parlamentului_european_în_polonia = Biroul+de+leg%C4%83tur%C4%83+al+Parlamentului+European+%C3%AEn+Polonia-ro
banca_asiatică_de_dezvoltare = Banca+Asiatic%C4%83+de+Dezvoltare-ro
bacterie_extensiv_rezistentă = bacterie+extensiv+rezistent%C4%83-ro
bolț_de_cuplare = bol%C8%9B+de+cuplare-ro
biroul_de_legătură_al_parlamentului_european_în_suedia = Biroul+de+leg%C4%83tur%C4%83+al+Parlamentului+European+%C3%AEn+Suedia-ro
bază_de_întreținere = baz%C4%83+de+%C3%AEntre%C8%9Binere-ro
biroul_europol_privind_activele_provenite_din_săvârșirea_de_infracțiuni = Biroul+Europol+privind+activele+provenite+din+s%C4%83v%C3%A2r%C8%99irea+de+infrac%C8%9Biuni-ro
banca_europeană_pentru_export = Banca+European%C4%83+pentru+Export-ro
bursita_infecțioasă = bursita+infec%C8%9Bioas%C4%83-ro
biroul_european_de_coordonare = Biroul+european+de+coordonare-ro
beneficii_economice = beneficii+economice-ro
bilă_magnetică = bil%C4%83+magnetic%C4%83-ro
beryx = beryx-ro
bromură = bromur%C4%83-ro
buletinul_european_de_brevete = Buletinul+european+de+brevete-ro
benzină_pentru_aviație = benzin%C4%83+pentru+avia%C8%9Bie-ro
biovolum = biovolum-ro
bordul_tribord = bordul+tribord-ro
bună_guvernanță = bun%C4%83+guvernan%C8%9B%C4%83-ro
buhai_de_baltă_cu_burta_galbenă = buhai+de+balt%C4%83+cu+burta+galben%C4%83-ro
bonus_de_performanță = bonus+de+performan%C8%9B%C4%83-ro
branză_din_zer = branz%C4%83+din+zer-ro
boală_monogenică = boal%C4%83+monogenic%C4%83-ro
bursă_de_energie_electrică = burs%C4%83+de+energie+electric%C4%83-ro
benalaxil = benalaxil-ro
boiștean = boi%C8%99tean-ro
boală_prionică = boal%C4%83+prionic%C4%83-ro
bretania = Bretania-ro
beflubutamid = beflubutamid-ro
bo = BO-ro
bird = BIRD-ro
boală_rară = boal%C4%83+rar%C4%83-ro
balena_lui_bryde = balena+lui+Bryde-ro
bară_de_remorcare = bar%C4%83+de+remorcare-ro
biocarburant_sintetic = biocarburant+sintetic-ro
balanța_contului_de_profit_și_pierderi = balan%C8%9Ba+contului+de+profit+%C8%99i+pierderi-ro
bsf = BSF-ro
baza_norilor = baza+norilor-ro
barjă_tanc = barj%C4%83+tanc-ro
berkeliu = berkeliu-ro
boala_râtului_strâmb = boala+r%C3%A2tului+str%C3%A2mb-ro
butaș_de_rădăcină = buta%C8%99+de+r%C4%83d%C4%83cin%C4%83-ro
bombardier = bombardier-ro
bilă_din_oțel_călit = bil%C4%83+din+o%C8%9Bel+c%C4%83lit-ro
buton_de_deblocare_a_cataramei_neintegrat = buton+de+deblocare+a+cataramei+neintegrat-ro
bipolarizare = bipolarizare-ro
brumăriță_de_stânca = brum%C4%83ri%C8%9B%C4%83+de+st%C3%A2nca-ro
bsfc = BSFC-ro
biodiversitate_marină = biodiversitate+marin%C4%83-ro
bilanț_de_masă = bilan%C8%9B+de+mas%C4%83-ro
bancă_rea = banc%C4%83+rea-ro
buletin_național = buletin+na%C8%9Bional-ro
balon_cu_gât_îngust = balon+cu+g%C3%A2t+%C3%AEngust-ro
bizam = bizam-ro
beneficiar_efectiv = beneficiar+efectiv-ro
brunei = Brunei-ro
bombă_logică = bomb%C4%83+logic%C4%83-ro
balast_de_cale_ferată = balast+de+cale+ferat%C4%83-ro
biroul_de_legătură_al_parlamentului_european_în_republica_cehă = Biroul+de+leg%C4%83tur%C4%83+al+Parlamentului+European+%C3%AEn+Republica+Ceh%C4%83-ro
biroul_de_promovare_a_democrației_parlamentare = Biroul+de+promovare+a+democra%C8%9Biei+parlamentare-ro
bruegel = Bruegel-ro
baghetă_de_sticlă = baghet%C4%83+de+sticl%C4%83-ro
bermuda = Bermuda-ro
beneficiile_angajaților = beneficiile+angaja%C8%9Bilor-ro
bilirubină_totală = bilirubin%C4%83+total%C4%83-ro
bioconversie = bioconversie-ro
butilhidroxianisol = butilhidroxianisol-ro
birou_de_returnare_al_frontex = birou+de+returnare+al+Frontex-ro
baze_purinice = baze+purinice-ro
bilanțul_consolidat = bilan%C8%9Bul+consolidat-ro
bază_de_date_relațională = baz%C4%83+de+date+rela%C8%9Bional%C4%83-ro
boemit = boemit-ro
bisexualitate = bisexualitate-ro
brânzeturi_cu_termen_îndelungat_de_păstrare = br%C3%A2nzeturi+cu+termen+%C3%AEndelungat+de+p%C4%83strare-ro
blocarea_datelor = blocarea+datelor-ro
brazilia,_rusia,_india_și_china = Brazilia%2C+Rusia%2C+India+%C8%99i+China-ro
beta-apo-8'-carotenal = beta-apo-8%27-carotenal-ro
brevet_al_ue = brevet+al+UE-ro
bt = BT-ro
bază_de_depozite = baz%C4%83+de+depozite-ro
bancă_de_celule_master = banc%C4%83+de+celule+master-ro
barcă_de_salvare_cu_motor = barc%C4%83+de+salvare+cu+motor-ro
bandă_energetică_interzisă = band%C4%83+energetic%C4%83+interzis%C4%83-ro
bază_de_date_pentru_identificarea_dosarelor_vamale = baz%C4%83+de+date+pentru+identificarea+dosarelor+vamale-ro
bunuri_corporale = bunuri+corporale-ro
bioreactor_cu_strat_fix = bioreactor+cu+strat+fix-ro
brevet_esențial = brevet+esen%C8%9Bial-ro
bazin_portuar = bazin+portuar-ro
biroul_de_legătură_al_parlamentului_european_în_grecia = Biroul+de+leg%C4%83tur%C4%83+al+Parlamentului+European+%C3%AEn+Grecia-ro
bhutan = Bhutan-ro
bancă_centrală_din_eurosistem = banc%C4%83+central%C4%83+din+Eurosistem-ro
biroul = Biroul-ro
broker_principal = broker+principal-ro
barjă_autopropulsată = barj%C4%83+autopropulsat%C4%83-ro
bergen = Bergen-ro
burete_metalic = burete+metalic-ro
biarum_davisii_ssp._marmarisense = Biarum+davisii+ssp.+marmarisense-ro
brancardă = brancard%C4%83-ro
biban = biban-ro
bani_publici = bani+publici-ro
brexit_ușor = Brexit+u%C8%99or-ro
birouri_de_informare = Birouri+de+Informare-ro
brad = brad-ro
babesioza_bovină = babesioza+bovin%C4%83-ro
bază_uniformă_de_evaluare = baz%C4%83+uniform%C4%83+de+evaluare-ro
birou_național_de_asistență_tehnică = birou+na%C8%9Bional+de+asisten%C8%9B%C4%83+tehnic%C4%83-ro
biroul_de_coordonare_al_uniunii_europene_pentru_sprijinirea_poliției_palestiniene = Biroul+de+Coordonare+al+Uniunii+Europene+pentru+Sprijinirea+Poli%C8%9Biei+Palestiniene-ro
biopsie_sinovială = biopsie+sinovial%C4%83-ro
bazin_maritim = bazin+maritim-ro
bioeconomie = bioeconomie-ro
barjă = barj%C4%83-ro
boala_hirschsprung = boala+Hirschsprung-ro
biletă = bilet%C4%83-ro
buget_axat_pe_rezultate = buget+axat+pe+rezultate-ro
biroul_onu_pentru_situații_de_urgență_în_rwanda = Biroul+ONU+pentru+situa%C8%9Bii+de+urgen%C8%9B%C4%83+%C3%AEn+Rwanda-ro
balast = balast-ro
banca_națională_a_româniei = Banca+Na%C8%9Bional%C4%83+a+Rom%C3%A2niei-ro
balon_sub_formă_de_pară = balon+sub+form%C4%83+de+par%C4%83-ro
biometria_semnăturii = biometria+semn%C4%83turii-ro
bmd = BMD-ro
baza_reglementată_a_activelor = baza+reglementat%C4%83+a+activelor-ro
biroul_națiunilor_unite_pentru_droguri_și_criminalitate = Biroul+Na%C8%9Biunilor+Unite+pentru+Droguri+%C8%99i+Criminalitate-ro
blocare_a_accesului = blocare+a+accesului-ro
birou_meteorologic_de_aerodrom = birou+meteorologic+de+aerodrom-ro
butaș_de_frunză = buta%C8%99+de+frunz%C4%83-ro
brasicacee_(frunze) = brasicacee+%28frunze%29-ro
boala_pompe = boala+Pompe-ro
bilanț_radiativ = bilan%C8%9B+radiativ-ro
biblioteca_digitală_europeană = biblioteca+digital%C4%83+european%C4%83-ro
bandă_de_evacuare_pentru_dejecții = band%C4%83+de+evacuare+pentru+dejec%C8%9Bii-ro
berberidaceae = Berberidaceae-ro
buștean_de_gater = bu%C8%99tean+de+gater-ro
beta-caroten = beta-caroten-ro
bazin_de_retenție = bazin+de+reten%C8%9Bie-ro
bruceloza_bovină = bruceloza+bovin%C4%83-ro
beneficii_discreționare_de_tipul_pensiilor = beneficii+discre%C8%9Bionare+de+tipul+pensiilor-ro
bord_liber = bord+liber-ro
buget = Buget-ro
briefing = briefing-ro
bromeliaceae = Bromeliaceae-ro
bunuri_în_vrac_plasate_în_ambalaj = bunuri+%C3%AEn+vrac+plasate+%C3%AEn+ambalaj-ro
benzo(a)antracen = benzo%28a%29antracen-ro
bucătărie = buc%C4%83t%C4%83rie-ro
banca_nordică_de_investiții = Banca+Nordic%C4%83+de+Investi%C8%9Bii-ro
boala_gaucher = boala+Gaucher-ro
biometan = biometan-ro
btc = BTC-ro
butuc_de_elice = butuc+de+elice-ro
bunic = bunic-ro
bagaje_pierdute = bagaje+pierdute-ro
boala_wohlfart-kugelberg-welander = boala+Wohlfart-Kugelberg-Welander-ro
bunuri_în_regim_de_consignație = bunuri+%C3%AEn+regim+de+consigna%C8%9Bie-ro
bibliotecă_științifică = bibliotec%C4%83+%C8%99tiin%C8%9Bific%C4%83-ro
beneficii_ale_asigurării_unit-linked = beneficii+ale+asigur%C4%83rii+unit-linked-ro
bancă_de_țesuturi = banc%C4%83+de+%C8%9Besuturi-ro
boala_charcot = boala+Charcot-ro
bisfenol_a = bisfenol+A-ro
biroul_international_al_ompi = Biroul+International+al+OMPI-ro
bază_industrială = baz%C4%83+industrial%C4%83-ro
bacalao = bacalao-ro
benzină_reformată = benzin%C4%83+reformat%C4%83-ro
bipartidism = bipartidism-ro
beneficiu_al_anuității = beneficiu+al+anuit%C4%83%C8%9Bii-ro
banca_centrală_europeană = Banca+Central%C4%83+European%C4%83-ro
baza_de_reședință = baza+de+re%C8%99edin%C8%9B%C4%83-ro
bioindicare = bioindicare-ro
bpc = BPC-ro
babesioza_ecvină = babesioza+ecvin%C4%83-ro
buton_săgeată_de_defilare = buton+s%C4%83geat%C4%83+de+defilare-ro
bigamie = bigamie-ro
bază_impozabilă = baz%C4%83+impozabil%C4%83-ro
buget_estimat = buget+estimat-ro
bio-boom = bio-boom-ro
bară_de_reglare = bar%C4%83+de+reglare-ro
brichetă_fantezie = brichet%C4%83+fantezie-ro
balon_liber_nepilotat = balon+liber+nepilotat-ro
bazin_de_elutriere = bazin+de+elutriere-ro
barza_cu_ciocul_galben = barza+cu+ciocul+galben-ro
biotop = biotop-ro
biroul_pentru_acorduri = Biroul+pentru+acorduri-ro
biogazificare = biogazificare-ro
brichetă_de_sare = brichet%C4%83+de+sare-ro
bosnia_și_herțegovina = Bosnia+%C8%99i+Her%C8%9Begovina-ro
beneficiu_index-linked = beneficiu+index-linked-ro
biodegradare_primară = biodegradare+primar%C4%83-ro
boala_marek = boala+Marek-ro
bulbul_plantar = bulbul+plantar-ro
beneficiu = beneficiu-ro
balon_de_sticlă = balon+de+sticl%C4%83-ro
bloemfontein = Bloemfontein-ro
baie_de_apă_cu_agitare = baie+de+ap%C4%83+cu+agitare-ro
beneficiu_de_asistență_socială = beneficiu+de+asisten%C8%9B%C4%83+social%C4%83-ro
botnet = botnet-ro
bompres = bompres-ro
bun_fără_stăpân = bun+f%C4%83r%C4%83+st%C4%83p%C3%A2n-ro
boala_lui_marek = boala+lui+Marek-ro
balast_reglabil = balast+reglabil-ro
briefing_de_presă = briefing+de+pres%C4%83-ro
bicarbonat_de_sodiu = bicarbonat+de+sodiu-ro
bla = BLA-ro
butelie_de_gaz = butelie+de+gaz-ro
biroul_european_de_radiocomunicații = Biroul+European+de+Radiocomunica%C8%9Bii-ro
baza_de_date_a_curții_europene_a_drepturilor_omului = baza+de+date+a+Cur%C8%9Bii+Europene+a+Drepturilor+Omului-ro
biomonitorizare = biomonitorizare-ro
boala_chagas = boala+Chagas-ro
bh = BH-ro
biroul_de_legătură_al_parlamentului_european_în_regatul_unit = Biroul+de+leg%C4%83tur%C4%83+al+Parlamentului+European+%C3%AEn+Regatul+Unit-ro
batoidee = batoidee-ro
blocare_intermitentă = blocare+intermitent%C4%83-ro
bani_negri = bani+negri-ro
balena_ucigașă = balena+uciga%C8%99%C4%83-ro
biban_roșu_de_adânc = biban+ro%C8%99u+de+ad%C3%A2nc-ro
biodegradabilitate_totală = biodegradabilitate+total%C4%83-ro
boala_mucoaselor = boala+mucoaselor-ro
biogeochimie = biogeochimie-ro
bpf = BPF-ro
boală_epizootică = boal%C4%83+epizootic%C4%83-ro
boarță = boar%C8%9B%C4%83-ro
boiler = boiler-ro
bonusuri_discreționare_viitoare = bonusuri+discre%C8%9Bionare+viitoare-ro
burlan_de_foraj = burlan+de+foraj-ro
budan = budan-ro
bioaerosol = bioaerosol-ro
boală_transmisibilă_emergentă = boal%C4%83+transmisibil%C4%83+emergent%C4%83-ro
bacaliar = bacaliar-ro
blockchain = blockchain-ro
barcă_de_serviciu = barc%C4%83+de+serviciu-ro
beta_hch = beta+HCH-ro
barn = barn-ro
birou_de_presă = birou+de+pres%C4%83-ro
bilet_la_ordin = bilet+la+ordin-ro
biroul_internațional_de_proprietate_intelectuală = Biroul+Interna%C8%9Bional+de+Proprietate+Intelectual%C4%83-ro
bancă_centrală_națională_din_zona_euro = banc%C4%83+central%C4%83+na%C8%9Bional%C4%83+din+zona+euro-ro
bcf = BCF-ro
bacterie_sulfito-reducătoare = bacterie+sulfito-reduc%C4%83toare-ro
boală_exotică = boal%C4%83+exotic%C4%83-ro
bolț_de_balama = bol%C8%9B+de+balama-ro
bisulfit_sodic_de_menadionă = bisulfit+sodic+de+menadion%C4%83-ro
brad_caucazian = brad+caucazian-ro
bolivia = Bolivia-ro
beta-lactam = beta-lactam-ro
barieră_la_intrarea_pe_piață = barier%C4%83+la+intrarea+pe+pia%C8%9B%C4%83-ro
butuc_de_angrenaj = butuc+de+angrenaj-ro
boală = boal%C4%83-ro
boală_netransmisibilă = boal%C4%83+netransmisibil%C4%83-ro
buhă = buh%C4%83-ro
biodistribuție = biodistribu%C8%9Bie-ro
biocombustibil_obținut_din_deșeuri_urbane = biocombustibil+ob%C8%9Binut+din+de%C8%99euri+urbane-ro
buhai-de-baltă = buhai-de-balt%C4%83-ro
bruiaj_electronic = bruiaj+electronic-ro
bunică = bunic%C4%83-ro
bulbo-tubercul = bulbo-tubercul-ro
brasilia = Brasilia-ro
banda_pistei = banda+pistei-ro
boala_hodgkin_la_copil = boala+Hodgkin+la+copil-ro
boală_care_provoacă_o_invaliditate_cronică = boal%C4%83+care+provoac%C4%83+o+invaliditate+cronic%C4%83-ro
berna = Berna-ro
borceag = borceag-ro
baze_pirimidinice = baze+pirimidinice-ro
brazzaville = Brazzaville-ro
butelie_din_sticlă_borosilicică = butelie+din+sticl%C4%83+borosilicic%C4%83-ro
beneficii_de_compensare_sub_formă_de_acțiuni = beneficii+de+compensare+sub+form%C4%83+de+ac%C8%9Biuni-ro
bun_de_consum = bun+de+consum-ro
bioetanol = bioetanol-ro
bune_practici_clinice = bune+practici+clinice-ro
baza_de_desfășurare_a_operațiilor = baza+de+desf%C4%83%C8%99urare+a+opera%C8%9Biilor-ro
biometan_lichefiat = biometan+lichefiat-ro
bunuri_publice_de_mediu = bunuri+publice+de+mediu-ro
bacterie_comensală = bacterie+comensal%C4%83-ro
boală_cardiacă = boal%C4%83+cardiac%C4%83-ro
benzen = benzen-ro
bazin_carbonifer = bazin+carbonifer-ro
barcă_de_patrulare = barc%C4%83+de+patrulare-ro
bujie_de_aprindere_rece = bujie+de+aprindere+rece-ro
bună-credință_și_corectitudine = bun%C4%83-credin%C8%9B%C4%83+%C8%99i+corectitudine-ro
baza_de_date_a_uniunii_europene_privind_trialurile_clinice = Baza+de+date+a+Uniunii+Europene+privind+trialurile+clinice-ro
biostimulator_de_creștere_a_plantelor = biostimulator+de+cre%C8%99tere+a+plantelor-ro
biroul_de_legătură_al_parlamentului_european_în_finlanda = Biroul+de+leg%C4%83tur%C4%83+al+Parlamentului+European+%C3%AEn+Finlanda-ro
bioetică = bioetic%C4%83-ro
blocadă_neuromusculară = blocad%C4%83+neuromuscular%C4%83-ro
balena_cu_cocoașă = balena+cu+cocoa%C8%99%C4%83-ro
bazin_de_aerare = bazin+de+aerare-ro
bandă_interzisă = band%C4%83+interzis%C4%83-ro
biroul_francez_de_protecție_a_refugiaților_și_apatrizilor = Biroul+francez+de+protec%C8%9Bie+a+refugia%C8%9Bilor+%C8%99i+apatrizilor-ro
brokeraj_maritim = brokeraj+maritim-ro
bid = BID-ro
bronhodilatație = bronhodilata%C8%9Bie-ro
biroul_de_legătură_al_parlamentului_european_în_austria = Biroul+de+leg%C4%83tur%C4%83+al+Parlamentului+European+%C3%AEn+Austria-ro
biroul_de_legătură_al_parlamentului_european_în_portugalia = Biroul+de+leg%C4%83tur%C4%83+al+Parlamentului+European+%C3%AEn+Portugalia-ro
boală_cu_transmitere_prin_vectori = boal%C4%83+cu+transmitere+prin+vectori-ro
bagaj_neînsoțit = bagaj+ne%C3%AEnso%C8%9Bit-ro
biroul_de_legătură_al_parlamentului_european_în_bulgaria = Biroul+de+leg%C4%83tur%C4%83+al+Parlamentului+European+%C3%AEn+Bulgaria-ro
boala_talfan = boala+Talfan-ro
blister = blister-ro
bere_la_butoi = bere+la+butoi-ro
boxpalet = boxpalet-ro
bursă_sinovială = burs%C4%83+sinovial%C4%83-ro
bacopa_monnieri = Bacopa+monnieri-ro
bn = BN-ro
biomasă_algală = biomas%C4%83+algal%C4%83-ro
borat_de_sodiu = borat+de+sodiu-ro
balena_nordică = balena+nordic%C4%83-ro
beneficiu_social = beneficiu+social-ro
banca_caraibiană_de_dezvoltare = Banca+Caraibian%C4%83+de+Dezvoltare-ro
bancă_de_importanță_sistemică = banc%C4%83+de+importan%C8%9B%C4%83+sistemic%C4%83-ro
bunuri_mobile = bunuri+mobile-ro
beneficiul_pornirii_motorului_la_cald = beneficiul+pornirii+motorului+la+cald-ro
butaș_portaltoi_pentru_altoire = buta%C8%99+portaltoi+pentru+altoire-ro
beam-trauler = beam-trauler-ro
benzină_fără_plumb = benzin%C4%83+f%C4%83r%C4%83+plumb-ro
bogotá = Bogot%C3%A1-ro
burete_natural = burete+natural-ro
bancă_de_stat = banc%C4%83+de+stat-ro
banca_reglementelor_internaționale = Banca+Reglementelor+Interna%C8%9Bionale-ro
biroul_de_legătură_al_parlamentului_european_în_italia = Biroul+de+leg%C4%83tur%C4%83+al+Parlamentului+European+%C3%AEn+Italia-ro
bris = BRIS-ro
baie_de_apă = baie+de+ap%C4%83-ro
bifenil_policlorurat = bifenil+policlorurat-ro
birou_vamal_de_intrare = birou+vamal+de+intrare-ro
bancă_etică = banc%C4%83+etic%C4%83-ro
bandulă = bandul%C4%83-ro
bahrain = Bahrain-ro
biostimulatori_de_creștere_a_plantelor,_de_natură_anorganică = biostimulatori+de+cre%C8%99tere+a+plantelor%2C+de+natur%C4%83+anorganic%C4%83-ro
baleire_completă = baleire+complet%C4%83-ro
bazin_hidrografic = bazin+hidrografic-ro
bani = bani-ro
beneficiu_de_asistență_socială_în_natură = beneficiu+de+asisten%C8%9B%C4%83+social%C4%83+%C3%AEn+natur%C4%83-ro
bronhopneumopatia_cronică_obstructivă = bronhopneumopatia+cronic%C4%83+obstructiv%C4%83-ro
bovină = bovin%C4%83-ro
burgenland = Burgenland-ro
balama = balama-ro
brevet_european_cu_efect_unitar = brevet+european+cu+efect+unitar-ro
boală_psihică = boal%C4%83+psihic%C4%83-ro
biocombustibil = biocombustibil-ro
brad_turcesc = brad+turcesc-ro
barieră_de_lumină = barier%C4%83+de+lumin%C4%83-ro
biroul_de_legătură_al_parlamentului_european_în_românia = Biroul+de+leg%C4%83tur%C4%83+al+Parlamentului+European+%C3%AEn+Rom%C3%A2nia-ro
brotăcel = brot%C4%83cel-ro
beta_hexaclorciclohexan = beta+hexaclorciclohexan-ro
bwr = BWR-ro
boală_pulmonară_alergică = boal%C4%83+pulmonar%C4%83+alergic%C4%83-ro
benefic_pentru_climă = benefic+pentru+clim%C4%83-ro
baterie_de_tracțiune = baterie+de+trac%C8%9Biune-ro
băutură_gazoasă = b%C4%83utur%C4%83+gazoas%C4%83-ro
băuturi = b%C4%83uturi-ro
brexit = Brexit-ro
burkina_faso = Burkina+Faso-ro
boala_zika = boala+Zika-ro
boală_transmisibilă = boal%C4%83+transmisibil%C4%83-ro
bandă_îngustă = band%C4%83+%C3%AEngust%C4%83-ro
baza_de_date_privind_siguranța_persoanelor = baza+de+date+privind+siguran%C8%9Ba+persoanelor-ro
beneficii_discreționare_viitoare = beneficii+discre%C8%9Bionare+viitoare-ro
beneficiu_de_discuțiune = beneficiu+de+discu%C8%9Biune-ro
biuret = biuret-ro
biodegradare = biodegradare-ro
birou_vamal = birou+vamal-ro
bază_operațională_de_desfășurare_aeriană_a_ue = baz%C4%83+opera%C8%9Bional%C4%83+de+desf%C4%83%C8%99urare+aerian%C4%83+a+UE-ro
buget_național = buget+na%C8%9Bional-ro
bioechivalență = bioechivalen%C8%9B%C4%83-ro
biomonitorizare_umană = biomonitorizare+uman%C4%83-ro
baza_de_date_legislativă_europeană_privind_drogurile = baza+de+date+legislativ%C4%83+european%C4%83+privind+drogurile-ro
balastare = balastare-ro
bioclimatologie = bioclimatologie-ro
beijing = Beijing-ro
bandă_de_frecvențe_radio = band%C4%83+de+frecven%C8%9Be+radio-ro
boală_genetică = boal%C4%83+genetic%C4%83-ro
boală_la_animale = boal%C4%83+la+animale-ro
blocare_multisite = blocare+multisite-ro
bună_guvernare = bun%C4%83+guvernare-ro
banca_africană_de_dezvoltare = Banca+African%C4%83+de+Dezvoltare-ro
biroul_organizației_națiunilor_unite_pentru_coordonarea_ajutorului_umanitar_în_afganistan = Biroul+Organiza%C8%9Biei+Na%C8%9Biunilor+Unite+pentru+coordonarea+ajutorului+umanitar+%C3%AEn+Afganistan-ro
broccoli = broccoli-ro
bd = BD-ro
beton_celular_autoclavizat = beton+celular+autoclavizat-ro
bunuri_și_servicii = bunuri+%C8%99i+servicii-ro
boala_de_frontieră = boala+de+frontier%C4%83-ro
barjă_oceanică_cu_autoridicare = barj%C4%83+oceanic%C4%83+cu+autoridicare-ro
barjă_de_canal = barj%C4%83+de+canal-ro
beneficii_garantate_ale_angajaților = beneficii+garantate+ale+angaja%C8%9Bilor-ro
broker_de_asigurare = broker+de+asigurare-ro
bănci_centrale = b%C4%83nci+centrale-ro
bunuri_provenite_din_săvârșirea_de_infracțiuni = bunuri+provenite+din+s%C4%83v%C3%A2r%C8%99irea+de+infrac%C8%9Biuni-ro
bilanț_agregat = bilan%C8%9B+agregat-ro
bază_de_eșantionare = baz%C4%83+de+e%C8%99antionare-ro
b2g = B2G-ro
bfor = BFOR-ro
bitum_fluxat = bitum+fluxat-ro
bingo_în_sală = bingo+%C3%AEn+sal%C4%83-ro
blocant_al_canalelor_de_calciu = blocant+al+canalelor+de+calciu-ro
bot = bot-ro
biroul_de_lichidare_a_plăților = Biroul+de+lichidare+a+pl%C4%83%C8%9Bilor-ro
bnr = BNR-ro
birou = Birou-ro
bromură_de_etidiu = bromur%C4%83+de+etidiu-ro
boala_werdnig-hoffman = boala+Werdnig-Hoffman-ro
biroul_comitetului_economic_și_social_european = Biroul+Comitetului+Economic+%C8%99i+Social+European-ro
baku = Baku-ro
bilanțul_nutrienților_la_nivel_de_teren = bilan%C8%9Bul+nutrien%C8%9Bilor+la+nivel+de+teren-ro
baric = baric-ro
bem = BEM-ro
biorafinărie = biorafin%C4%83rie-ro
biofouling = biofouling-ro
br = BR-ro
boală_tropicală = boal%C4%83+tropical%C4%83-ro
biroul_de_legătură_al_parlamentului_european_în_croația = Biroul+de+leg%C4%83tur%C4%83+al+Parlamentului+European+%C3%AEn+Croa%C8%9Bia-ro
bunuri_periculoase = bunuri+periculoase-ro
biroul_internațional = Biroul+Interna%C8%9Bional-ro
bombă_murdară = bomb%C4%83+murdar%C4%83-ro
bortec = BORTEC-ro
bazin_pentru_combustibil_ars = bazin+pentru+combustibil+ars-ro
beneficiu_de_inventar = beneficiu+de+inventar-ro
belgrad = Belgrad-ro
burgundia = Burgundia-ro
barbados = Barbados-ro
bunuri_sau_servicii_substituibile = bunuri+sau+servicii+substituibile-ro
bauxită = bauxit%C4%83-ro
biomateriale = biomateriale-ro
bohriu = bohriu-ro
boală_invazivă = boal%C4%83+invaziv%C4%83-ro
baliza_sacului_de_traul = baliza+sacului+de+traul-ro
boala_niemann-pick_tip_c = boala+Niemann-Pick+tip+C-ro
butilhidroxitoluen = butilhidroxitoluen-ro
bancă_biologică = banc%C4%83+biologic%C4%83-ro
bună-credință = bun%C4%83-credin%C8%9B%C4%83-ro
bun_de_capital = bun+de+capital-ro
bremen = Bremen-ro
baterie_de_cocs = baterie+de+cocs-ro
birou_de_informare_a_cetățenilor = birou+de+informare+a+cet%C4%83%C8%9Benilor-ro
braț_al_forței_de_stabilitate = bra%C8%9B+al+for%C8%9Bei+de+stabilitate-ro
butilhidrochinonă_terțiară = butilhidrochinon%C4%83+ter%C8%9Biar%C4%83-ro
buton_"maximizare" = buton+%22Maximizare%22-ro
biocombustibil_de_primă_generație = biocombustibil+de+prim%C4%83+genera%C8%9Bie-ro
boala_virală_ebola = boala+viral%C4%83+Ebola-ro
blocare_geografică = blocare+geografic%C4%83-ro
bujumbura = Bujumbura-ro
boala_veziculoasă_a_porcului = boala+veziculoas%C4%83+a+porcului-ro
bunuri_de_primă_necesitate = bunuri+de+prim%C4%83+necesitate-ro
bani_fiduciari = bani+fiduciari-ro
be = BE-ro
bază_fiscală = baz%C4%83+fiscal%C4%83-ro
bunuri_nesolicitate = bunuri+nesolicitate-ro
boala_gumboro = boala+Gumboro-ro
brasaj = brasaj-ro
buton = buton-ro
boală_tiroidiană = boal%C4%83+tiroidian%C4%83-ro
bruceloză_ovină = bruceloz%C4%83+ovin%C4%83-ro
balanța_contului_curent = balan%C8%9Ba+contului+curent-ro
bancă_corespondentă = banc%C4%83+corespondent%C4%83-ro
bcr = BCR-ro
bratislava = Bratislava-ro
bară_de_protecție = bar%C4%83+de+protec%C8%9Bie-ro
barbun = barbun-ro
bandă_de_citire_optică = band%C4%83+de+citire+optic%C4%83-ro
bsa = BSA-ro
butășire = but%C4%83%C8%99ire-ro
brâu_de_protecție = br%C3%A2u+de+protec%C8%9Bie-ro
buget_de_publicitate = buget+de+publicitate-ro
boală_degenerativă = boal%C4%83+degenerativ%C4%83-ro
bruceloză_porcină = bruceloz%C4%83+porcin%C4%83-ro
bilanț_simplificat = bilan%C8%9B+simplificat-ro
birou_vamal_unde_are_loc_prima_intrare = birou+vamal+unde+are+loc+prima+intrare-ro
baterie_solară = baterie+solar%C4%83-ro
bonaire,_sint_eustatius_și_saba = Bonaire%2C+Sint+Eustatius+%C8%99i+Saba-ro
boli_reglementate = boli+reglementate-ro
biodegradabilitate_finală = biodegradabilitate+final%C4%83-ro
budapesta = Budapesta-ro
boala_bourneville = boala+Bourneville-ro
birocrație = birocra%C8%9Bie-ro
birou_de_schimb_expeditor = birou+de+schimb+expeditor-ro
beneficiarul_activului_net_al_moștenirii = beneficiarul+activului+net+al+mo%C8%99tenirii-ro
balon_cu_trei_gâturi = balon+cu+trei+g%C3%A2turi-ro
birou_al_unei_comisii = birou+al+unei+comisii-ro
bisulfit_de_sodiu = bisulfit+de+sodiu-ro
bvd = BVD-ro
bulb = bulb-ro
brad_argintiu = brad+argintiu-ro
brazilia = Brazilia-ro
bandă_asignată = band%C4%83+asignat%C4%83-ro
bagaj_de_cală_însoțit = bagaj+de+cal%C4%83+%C3%AEnso%C8%9Bit-ro
bilirubină = bilirubin%C4%83-ro
becquerel = becquerel-ro
blocant_neuromuscular_nedepolarizant = blocant+neuromuscular+nedepolarizant-ro
bancă_industrială = banc%C4%83+industrial%C4%83-ro
bancă_centrală_națională = banc%C4%83+central%C4%83+na%C8%9Bional%C4%83-ro
bgps = BGPS-ro
bolnav_hiperimunizat = bolnav+hiperimunizat-ro
butirilcolinesterază = butirilcolinesteraz%C4%83-ro
bunuri_de_capital_cu_durată_scurtă = bunuri+de+capital+cu+durat%C4%83+scurt%C4%83-ro
bancă-punte = banc%C4%83-punte-ro
brexit_fără_acord = Brexit+f%C4%83r%C4%83+acord-ro
buletin_meteorologic = buletin+meteorologic-ro
bariere_la_intrare = bariere+la+intrare-ro
bord_din_vânt = bord+din+v%C3%A2nt-ro
bară_de_activități_lansare_rapidă = Bar%C4%83+de+activit%C4%83%C8%9Bi+Lansare+rapid%C4%83-ro
bpsc = BPSC-ro
boabă = boab%C4%83-ro
bază_industrială_și_tehnologică_de_apărare_europeană = baz%C4%83+industrial%C4%83+%C8%99i+tehnologic%C4%83+de+ap%C4%83rare+european%C4%83-ro
batoizi = batoizi-ro
bombardare_cu_e-mailuri = bombardare+cu+e-mailuri-ro
bic = BIC-ro
bcfk = BCFk-ro
bacterie_luminiscentă = bacterie+luminiscent%C4%83-ro
bagdad = Bagdad-ro
basel_ii = Basel+II-ro
boala_limbii_albastre = boala+limbii+albastre-ro
biologie_chimică = biologie+chimic%C4%83-ro
biometanizare = biometanizare-ro
bancă_de_dezvoltare = banc%C4%83+de+dezvoltare-ro
bm = BM-ro
bioremediere = bioremediere-ro
biodiversitate = biodiversitate-ro
bilanț_de_închidere = bilan%C8%9B+de+%C3%AEnchidere-ro
buclă_locală = bucl%C4%83+local%C4%83-ro
boală_de_nucleu_central = boal%C4%83+de+nucleu+central-ro
bombă_cu_fragmentare = bomb%C4%83+cu+fragmentare-ro
brun_ht = brun+HT-ro
bilanț_consolidat = bilan%C8%9B+consolidat-ro
bilirubină_serică_totală = bilirubin%C4%83+seric%C4%83+total%C4%83-ro
bucla_injecției = bucla+injec%C8%9Biei-ro
bonus_pentru_imm-uri = bonus+pentru+IMM-uri-ro
boală_cu_transmitere_prin_alimente = boal%C4%83+cu+transmitere+prin+alimente-ro
biosecuritate = biosecuritate-ro
bruxelles = Bruxelles-ro
băutură_nealcoolică = b%C4%83utur%C4%83+nealcoolic%C4%83-ro
batcă = batc%C4%83-ro
bioinginerie = bioinginerie-ro
birou_vamal_de_primă_intrare = birou+vamal+de+prim%C4%83+intrare-ro
boală_mintală = boal%C4%83+mintal%C4%83-ro
biodeșeu = biode%C8%99eu-ro
bună_practică_în_studiul_clinic = bun%C4%83+practic%C4%83+%C3%AEn+studiul+clinic-ro
beneficiu_economic_viitor = beneficiu+economic+viitor-ro
boală_a_peștilor = boal%C4%83+a+pe%C8%99tilor-ro
balcanii_de_vest = Balcanii+de+Vest-ro
bastonaș = bastona%C8%99-ro
bugetul_general_al_comunităților_europene = bugetul+general+al+Comunit%C4%83%C8%9Bilor+Europene-ro
blocarea_prețurilor = blocarea+pre%C8%9Burilor-ro
baze_de_evaluare = baze+de+evaluare-ro
benzină_etalon = benzin%C4%83+etalon-ro
buna_administrare_a_justiției = buna+administrare+a+justi%C8%9Biei-ro
boala_pruriginoasă_a_oilor = boala+pruriginoas%C4%83+a+oilor-ro
botulism = botulism-ro
bilanț_anual = bilan%C8%9B+anual-ro
bancă_de_promovare_economică = banc%C4%83+de+promovare+economic%C4%83-ro
bariu = bariu-ro
bronșita_infecțioasă_aviară = bron%C8%99ita+infec%C8%9Bioas%C4%83+aviar%C4%83-ro
braconier = braconier-ro
bio_edep = Bio+EDEP-ro
bioplastic = bioplastic-ro
buget_extraordinar = buget+extraordinar-ro
bucăți_de_fagure_în_miere = buc%C4%83%C8%9Bi+de+fagure+%C3%AEn+miere-ro
beneficiar_net = beneficiar+net-ro
biroul_de_legătură_al_parlamentului_european_în_irlanda = Biroul+de+leg%C4%83tur%C4%83+al+Parlamentului+European+%C3%AEn+Irlanda-ro
bric = BRIC-ro
bloc_de_parafină = bloc+de+parafin%C4%83-ro
bord_de_fugă = bord+de+fug%C4%83-ro
boala_de_newcastle = boala+de+Newcastle-ro
bunuri_transmise_prin_testament = bunuri+transmise+prin+testament-ro
bază_proporțională = baz%C4%83+propor%C8%9Bional%C4%83-ro
bunăstare = bun%C4%83stare-ro
brichetare = brichetare-ro
bancă_acceptantă = banc%C4%83+acceptant%C4%83-ro
biroul_international_al_organizatiei_mondiale_a_proprietatii_intelectuale = Biroul+International+al+Organizatiei+Mondiale+a+Proprietatii+Intelectuale-ro
balotaj = balotaj-ro
buget_operațional_ceco = buget+opera%C8%9Bional+CECO-ro
boad = BOAD-ro
bancă_centrală = banc%C4%83+central%C4%83-ro
bangkok = Bangkok-ro
butoi_cilindric_din_oțel = butoi+cilindric+din+o%C8%9Bel-ro
bară_de_mână = bar%C4%83+de+m%C3%A2n%C4%83-ro
buruiana_cu_cinci_degete = buruiana+cu+cinci+degete-ro
benzoat_de_potasiu = benzoat+de+potasiu-ro
bunici_aflați_în_întreținere = bunici+afla%C8%9Bi+%C3%AEn+%C3%AEntre%C8%9Binere-ro
brevet_de_invenție = brevet+de+inven%C8%9Bie-ro
biban_de_epave = biban+de+epave-ro
bilete_la_ordin = bilete+la+ordin-ro
brad_canadian = brad+canadian-ro
brad_de_balsam = brad+de+balsam-ro
browser = browser-ro
biban_roșu = biban+ro%C8%99u-ro
bară_(de)_titlu = bar%C4%83+%28de%29+titlu-ro
bancă_în_faliment = banc%C4%83+%C3%AEn+faliment-ro
bară_rigidă_de_remorcare = bar%C4%83+rigid%C4%83+de+remorcare-ro
bancă_centrală_națională_manager = banc%C4%83+central%C4%83+na%C8%9Bional%C4%83+manager-ro
bod = BOD-ro
bărbați_care_fac_sex_cu_bărbați = b%C4%83rba%C8%9Bi+care+fac+sex+cu+b%C4%83rba%C8%9Bi-ro
boala_binswanger = boala+Binswanger-ro
bavaria = Bavaria-ro
balena_groenlandeză = balena+groenlandez%C4%83-ro
boală_transmisibilă_reemergentă = boal%C4%83+transmisibil%C4%83+reemergent%C4%83-ro
bărbat_efeminizatfeminaț = b%C4%83rbat+efeminizatfemina%C8%9B-ro
bj = BJ-ro
buget_și_finanțe = Buget+%C8%99i+finan%C8%9Be-ro
bilanț_aprofundat = bilan%C8%9B+aprofundat-ro
bunsenit = bunsenit-ro
beneficii_post-angajare = beneficii+post-angajare-ro
brustan = brustan-ro
bune_condiții_agricole_și_de_mediu = bune+condi%C8%9Bii+agricole+%C8%99i+de+mediu-ro
bară_de_instrumente = bar%C4%83+de+instrumente-ro
brichetă_furajeră = brichet%C4%83+furajer%C4%83-ro
beneficiu_discreționar_viitor = beneficiu+discre%C8%9Bionar+viitor-ro
baza_de_date_"cauze"_a_curții_de_justiție = baza+de+date+%22Cauze%22+a+Cur%C8%9Bii+de+Justi%C8%9Bie-ro
bilanț = bilan%C8%9B-ro
bancă-mamă = banc%C4%83-mam%C4%83-ro
bulă_a_activelor = bul%C4%83+a+activelor-ro
barbuni_n.a.p. = barbuni+n.a.p.-ro
beq = BEQ-ro
borax = borax-ro
bv = BV-ro
bfk = BFK-ro
bandă_de_scadență_contractuală = band%C4%83+de+scaden%C8%9B%C4%83+contractual%C4%83-ro
balena-pilot_cu_înotătoare_lungi = balena-pilot+cu+%C3%AEnot%C4%83toare+lungi-ro
barieră_radiantă = barier%C4%83+radiant%C4%83-ro
brumăriță_de_pădure = brum%C4%83ri%C8%9B%C4%83+de+p%C4%83dure-ro
biroul_de_legătură_al_parlamentului_european_în_letonia = Biroul+de+leg%C4%83tur%C4%83+al+Parlamentului+European+%C3%AEn+Letonia-ro
bază_logistică_de_sprijin_pentru_o_flotă = baz%C4%83+logistic%C4%83+de+sprijin+pentru+o+flot%C4%83-ro
balanță_hidrostatică = balan%C8%9B%C4%83+hidrostatic%C4%83-ro
bioprodus = bioprodus-ro
bit = bit-ro
banc_de_încercare_cu_rulouri_de_frânare = banc+de+%C3%AEncercare+cu+rulouri+de+fr%C3%A2nare-ro
bloc_de_spațiu_aerian = bloc+de+spa%C8%9Biu+aerian-ro
banca_internațională_pentru_reconstrucție_și_dezvoltare = Banca+Interna%C8%9Bional%C4%83+pentru+Reconstruc%C8%9Bie+%C8%99i+Dezvoltare-ro
biologie_sistemică = biologie+sistemic%C4%83-ro
baton_cu_fructe = baton+cu+fructe-ro
b2c = B2C-ro
biodisponibilitate_absolută = biodisponibilitate+absolut%C4%83-ro
bioanaliză = bioanaliz%C4%83-ro
birou_național = birou+na%C8%9Bional-ro
bacșiș_oferit_de_jucători_salariaților = bac%C8%99i%C8%99+oferit+de+juc%C4%83tori+salaria%C8%9Bilor-ro
bloc-închizător = bloc-%C3%AEnchiz%C4%83tor-ro
butaș_de_tulpină = buta%C8%99+de+tulpin%C4%83-ro
bleve = BLEVE-ro
beirut = Beirut-ro
brom = brom-ro
burelet_cutidural = burelet+cutidural-ro
bloc_funcțional_de_spațiu_aerian = bloc+func%C8%9Bional+de+spa%C8%9Biu+aerian-ro
biologie_celulară = biologie+celular%C4%83-ro
birou_vamal_de_export = birou+vamal+de+export-ro
baterie_tip_pastilă = baterie+tip+pastil%C4%83-ro
butoi_umplut_cu_exploziv = butoi+umplut+cu+exploziv-ro
bruiaj = bruiaj-ro
blocaj = blocaj-ro
barieră_energetică = barier%C4%83+energetic%C4%83-ro
boală_coronariană = boal%C4%83+coronarian%C4%83-ro
biroul_vamal_de_monitorizare = biroul+vamal+de+monitorizare-ro
bilion = bilion-ro
bord_babord = bord+babord-ro
briză_de_uscat = briz%C4%83+de+uscat-ro
book-building = book-building-ro
biroul_de_control_pentru_europa_de_sud-est_și_de_est_asupra_armelor_de_calibru_mic_și_a_armamentului_ușor = Biroul+de+control+pentru+Europa+de+Sud-Est+%C8%99i+de+Est+asupra+armelor+de+calibru+mic+%C8%99i+a+armamentului+u%C8%99or-ro
betanină = betanin%C4%83-ro
bobină_de_inducție = bobin%C4%83+de+induc%C8%9Bie-ro
boala_celiacă = boala+celiac%C4%83-ro
boala_krabbe = boala+Krabbe-ro
benzaldehidă = benzaldehid%C4%83-ro
brosme = brosme-ro
botgros = botgros-ro
bumbac_modificat_genetic = bumbac+modificat+genetic-ro
biodisponibilitate = biodisponibilitate-ro
biotoxină_marină = biotoxin%C4%83+marin%C4%83-ro
barza_neagră = barza+neagr%C4%83-ro
bordură = bordur%C4%83-ro
business-to-business = business-to-business-ro
balena_știucă = balena+%C8%99tiuc%C4%83-ro
boabe_cretoase = boabe+cretoase-ro
biroul_european_de_legătură_pentru_consolidarea_păcii = Biroul+european+de+leg%C4%83tur%C4%83+pentru+consolidarea+p%C4%83cii-ro
baricentru = baricentru-ro
bilateralele_i = Bilateralele+I-ro
buget_social = buget+social-ro
brokeraj_în_materie_de_inovare = brokeraj+%C3%AEn+materie+de+inovare-ro
betel = betel-ro
bioindicator = bioindicator-ro
bhk = BHK-ro
boală_a_animalelor = boal%C4%83+a+animalelor-ro
biotest = biotest-ro
bahamas = Bahamas-ro
banca_europeană_pentru_reconstrucție_și_dezvoltare = Banca+European%C4%83+pentru+Reconstruc%C8%9Bie+%C8%99i+Dezvoltare-ro
buletin_de_vot = buletin+de+vot-ro
banc_de_încercare = banc+de+%C3%AEncercare-ro
boala_von_hippel-lindau = boala+von+Hippel-Lindau-ro
broșura_investigatorului = bro%C8%99ura+investigatorului-ro
brac = brac-ro
bs = BS-ro
benzină_nafta = benzin%C4%83+nafta-ro
biocid = biocid-ro
balizor = balizor-ro
beneficiarul_anuității = beneficiarul+anuit%C4%83%C8%9Bii-ro
bucurești = Bucure%C8%99ti-ro
birou_de_secțiune = birou+de+sec%C8%9Biune-ro
bune_practici_agricole = bune+practici+agricole-ro
bijuterie_de_fantezie = bijuterie+de+fantezie-ro
biodegradare_aerobă_finală = biodegradare+aerob%C4%83+final%C4%83-ro
birou_vamal_de_ieșire = birou+vamal+de+ie%C8%99ire-ro
bobinet = bobinet-ro
benzoat_de_calciu = benzoat+de+calciu-ro
burg = burg-ro
butoiaș = butoia%C8%99-ro
biroul_înaltului_reprezentant = Biroul+%C3%8Enaltului+Reprezentant-ro
branding = branding-ro
bandă_de_scadență = band%C4%83+de+scaden%C8%9B%C4%83-ro
bandă_de_lungimi_de_undă_a_luminii_uv = band%C4%83+de+lungimi+de+und%C4%83+a+luminii+UV-ro
bns = BNS-ro
beneficiu_suplimentar = beneficiu+suplimentar-ro
bacterie_gram-negativă = bacterie+gram-negativ%C4%83-ro
bad = BAD-ro
biomotorină = biomotorin%C4%83-ro
buruiană_de_junghiuri = Buruian%C4%83+de+junghiuri-ro
boala_de_borna = boala+de+Borna-ro
bacterie_indicator = bacterie+indicator-ro
belmopan = Belmopan-ro
bioamplificare = bioamplificare-ro
biroul_de_legătură_pe-congresul_sua_de_la_washington_dc = Biroul+de+leg%C4%83tur%C4%83+PE-Congresul+SUA+de+la+Washington+DC-ro
baza_de_date_eudravigilance = baza+de+date+EudraVigilance-ro
biomicroscop = biomicroscop-ro
banca_de_dezvoltare_a_africii_de_vest = Banca+de+Dezvoltare+a+Africii+de+Vest-ro
bunuri_personale = bunuri+personale-ro
bruceloidoză = bruceloidoz%C4%83-ro
burelet_coronarian = burelet+coronarian-ro
bazinul_ciad = bazinul+Ciad-ro
baza_europeană_de_date_pentru_produse_farmaceutice = Baza+european%C4%83+de+date+pentru+produse+farmaceutice-ro
bună_practică_agricolă = bun%C4%83+practic%C4%83+agricol%C4%83-ro
boala_lui_aujeszky = boala+lui+Aujeszky-ro
brevet_unitar = brevet+unitar-ro
biroul_de_legătură_al_parlamentului_european_în_danemarca = Biroul+de+leg%C4%83tur%C4%83+al+Parlamentului+European+%C3%AEn+Danemarca-ro
barbota = barbota-ro
bun_în_sistem_de_leasing = bun+%C3%AEn+sistem+de+leasing-ro
brexit_dur = Brexit+dur-ro
bpm = BPM-ro
birou_vamal_cu_activitate_maritimă = birou+vamal+cu+activitate+maritim%C4%83-ro
banc = banc-ro
boala_de_graniță = boala+de+grani%C8%9B%C4%83-ro
bungee-jumping = bungee-jumping-ro
biocenoză = biocenoz%C4%83-ro
bb = BB-ro
bunăstare_socială = bun%C4%83stare+social%C4%83-ro
baza_de_date_europeană_privind_accidentele_rutiere = baza+de+date+european%C4%83+privind+accidentele+rutiere-ro
bancă_de_combustibil_nuclear = banc%C4%83+de+combustibil+nuclear-ro
biroul_națiunilor_unite_pentru_servicii_de_proiect = Biroul+Na%C8%9Biunilor+Unite+pentru+Servicii+de+Proiect-ro
bază_de_date_juridică = baz%C4%83+de+date+juridic%C4%83-ro
broker_maritim_penru_vânzare-cumpărare = broker+maritim+penru+v%C3%A2nzare-cump%C4%83rare-ro
blocarea_sistemului_de_alimentare_cu_carburant = blocarea+sistemului+de+alimentare+cu+carburant-ro
barbotor = barbotor-ro
business-to-consumer = business-to-consumer-ro
bandă_de_conducție = band%C4%83+de+conduc%C8%9Bie-ro
biogeografie = biogeografie-ro
baza_de_date_cu_informații_despre_azil = baza+de+date+cu+informa%C8%9Bii+despre+azil-ro
balanța_presiunii_de_vapori = balan%C8%9Ba+presiunii+de+vapori-ro
biroul_de_legătură_al_parlamentului_european_în_slovenia = Biroul+de+leg%C4%83tur%C4%83+al+Parlamentului+European+%C3%AEn+Slovenia-ro
biroul_de_legătură_al_parlamentului_european_în_luxemburg = Biroul+de+leg%C4%83tur%C4%83+al+Parlamentului+European+%C3%AEn+Luxemburg-ro
birou_notam_internațional = birou+NOTAM+interna%C8%9Bional-ro
barieră_funcțională = barier%C4%83+func%C8%9Bional%C4%83-ro
biotip = biotip-ro
bactericid = bactericid-ro
biomasă_exploatabilă = biomas%C4%83+exploatabil%C4%83-ro
biroul_de_legătură_al_parlamentului_european_în_franța = Biroul+de+leg%C4%83tur%C4%83+al+Parlamentului+European+%C3%AEn+Fran%C8%9Ba-ro
bibliotecă_națională = bibliotec%C4%83+na%C8%9Bional%C4%83-ro
bazinul_lacului_ciad = bazinul+lacului+Ciad-ro
bomboane_contra_tusei = bomboane+contra+tusei-ro
bugetul_comunității = bugetul+Comunit%C4%83%C8%9Bii-ro
băutură_spirtoasă = b%C4%83utur%C4%83+spirtoas%C4%83-ro
bandă_rulantă = band%C4%83+rulant%C4%83-ro
bălegar = b%C4%83legar-ro
bune_oficii = bune+oficii-ro
bisexual = bisexual-ro
bacaliar_albastru = bacaliar+albastru-ro
brevet_european = brevet+european-ro
bafin = BaFIN-ro
bof = BOF-ro
brevet_național = brevet+na%C8%9Bional-ro
bunuri_culturale = bunuri+culturale-ro
bacteriostatic = bacteriostatic-ro
baie_de_imersie = baie+de+imersie-ro
bază_de_date_legislativă = baz%C4%83+de+date+legislativ%C4%83-ro
bază_fiscală_comună_a_societăților = baz%C4%83+fiscal%C4%83+comun%C4%83+a+societ%C4%83%C8%9Bilor-ro
butuc = butuc-ro
bcc = BCC-ro
bara_de_tractiune_pivotanta = bara+de+tractiune+pivotanta-ro
bază_primară_de_contabilitate = baz%C4%83+primar%C4%83+de+contabilitate-ro
bujie_de_preîncălzire = bujie+de+pre%C3%AEnc%C4%83lzire-ro
blse = BLSE-ro
biroul_de_legătură_al_parlamentului_european_în_spania = Biroul+de+leg%C4%83tur%C4%83+al+Parlamentului+European+%C3%AEn+Spania-ro
boala_little = boala+Little-ro
bibliotecă_parlamentară = bibliotec%C4%83+parlamentar%C4%83-ro
beneficiu_ecologic = beneficiu+ecologic-ro
broker_maritim = broker+maritim-ro
boala_charcot-marie-tooth = boala+Charcot-Marie-Tooth-ro
baie_de_ulei = baie+de+ulei-ro
bts = BTS-ro
botswana = Botswana-ro
bioenergie = bioenergie-ro
bardou = bardou-ro
bărbat = b%C4%83rbat-ro
bază_de_sine_stătătoare = baz%C4%83+de+sine+st%C4%83t%C4%83toare-ro
berd = BERD-ro
bonitate = bonitate-ro
blanc_de_solvent = blanc+de+solvent-ro
balenă = balen%C4%83-ro
biolichid = biolichid-ro
bilanț_exergetic = bilan%C8%9B+exergetic-ro
banda_căii_de_rulare = banda+c%C4%83ii+de+rulare-ro
biroul_de_legătură_al_parlamentului_european_în_germania = Biroul+de+leg%C4%83tur%C4%83+al+Parlamentului+European+%C3%AEn+Germania-ro
biostimulator_al_plantelor = biostimulator+al+plantelor-ro
boala_respiratorie_cronică_a_păsărilor = boala+respiratorie+cronic%C4%83+a+p%C4%83s%C4%83rilor-ro
bilateralele_ii = Bilateralele+II-ro
bci = BCI-ro
beneficii_de_compensare_sub_forma_participării_la_capitalurile_proprii = beneficii+de+compensare+sub+forma+particip%C4%83rii+la+capitalurile+proprii-ro
biroul_comitetului_regiunilor = Biroul+Comitetului+Regiunilor-ro
backup_prin_copiere = backup+prin+copiere-ro
biosiguranță = biosiguran%C8%9B%C4%83-ro
biban_rosu = biban+rosu-ro
barjă_obișnuită = barj%C4%83+obi%C8%99nuit%C4%83-ro
bepa = BEPA-ro
bingo = bingo-ro
biarum_tenuifolium = Biarum+tenuifolium-ro
biroul_de_legătură_al_parlamentului_european_în_slovacia = Biroul+de+leg%C4%83tur%C4%83+al+Parlamentului+European+%C3%AEn+Slovacia-ro
banca_pentru_comerț_și_dezvoltare_a_mării_negre = Banca+pentru+Comer%C8%9B+%C8%99i+Dezvoltare+a+M%C4%83rii+Negre-ro
biroul_de_legătură_al_parlamentului_european_în_malta = Biroul+de+leg%C4%83tur%C4%83+al+Parlamentului+European+%C3%AEn+Malta-ro
barjă_purtată = barj%C4%83+purtat%C4%83-ro
boala_bacteriană_a_rinichiului = boala+bacterian%C4%83+a+rinichiului-ro
bulă_imobiliară = bul%C4%83+imobiliar%C4%83-ro
broker_de_depozite = broker+de+depozite-ro
bioterorism = bioterorism-ro
birou_vamal_de_tranzit = birou+vamal+de+tranzit-ro
benzoica-metil-ecgonina = benzoica-metil-ecgonina-ro
bucăți_de_carne_raclate_de_pe_oase = buc%C4%83%C8%9Bi+de+carne+raclate+de+pe+oase-ro
buna_desfășurare_a_procedurii_scrise_sau_orale = buna+desf%C4%83%C8%99urare+a+procedurii+scrise+sau+orale-ro
balon_cu_gât_rodat = balon+cu+g%C3%A2t+rodat-ro
bușonat = bu%C8%99onat-ro
bară_haxagonală = bar%C4%83+haxagonal%C4%83-ro
biomasă_subterană = biomas%C4%83+subteran%C4%83-ro
birou_de_schimb_de_sosire = birou+de+schimb+de+sosire-ro
bissau = Bissau-ro
butenă = buten%C4%83-ro
bch = BCH-ro
buget_general = buget+general-ro
bobină_de_aprindere = bobin%C4%83+de+aprindere-ro
biomimetism = biomimetism-ro
băloșire = b%C4%83lo%C8%99ire-ro
birou_provizoriu = Birou+provizoriu-ro
belgia = Belgia-ro
butuc_al_rotorului = butuc+al+rotorului-ro
bacșiș = bac%C8%99i%C8%99-ro
bujie = bujie-ro
beneficia_de_imunitate_jurisdicțională = beneficia+de+imunitate+jurisdic%C8%9Bional%C4%83-ro
baliză_radar = baliz%C4%83+radar-ro
beccariophoenix_madagascariensis = Beccariophoenix+madagascariensis-ro
buchu = buchu-ro
boală_articulară_degenerativă = boal%C4%83+articular%C4%83+degenerativ%C4%83-ro
birou_vamal_de_prezentare = birou+vamal+de+prezentare-ro
bibliotecă_universitară = bibliotec%C4%83+universitar%C4%83-ro
bibliotecă_publică = bibliotec%C4%83+public%C4%83-ro
birou_sirene = birou+SIRENE-ro
bancă_multilaterală_de_dezvoltare = banc%C4%83+multilateral%C4%83+de+dezvoltare-ro
bujie_incandescentă = bujie+incandescent%C4%83-ro
bioanaliză_celulară = bioanaliz%C4%83+celular%C4%83-ro
btwc = BTWC-ro
bat = BAT-ro
biroul_european_de_coordonare_al_eures = Biroul+european+de+coordonare+al+EURES-ro
balon_cu_fund_plat = balon+cu+fund+plat-ro
butuc_al_volanului = butuc+al+volanului-ro
biroul_consilierului_special_al_secretarului_general_pe_probleme_de_egalitate_de_gen_și_promovare_a_femeilor = Biroul+consilierului+special+al+secretarului+general+pe+probleme+de+egalitate+de+gen+%C8%99i+promovare+a+femeilor-ro
bvd_-_md = BVD+-+MD-ro
beam-traul = beam-traul-ro
boțog = bo%C8%9Bog-ro
bufalo_negru = bufalo+negru-ro
baie_de_apă_cu_gheată = baie+de+ap%C4%83+cu+gheat%C4%83-ro
bancă_aflată_în_dificultate = banc%C4%83+aflat%C4%83+%C3%AEn+dificultate-ro
biban_comun = biban+comun-ro
biroul_de_cooperare_regională_pentru_tineret = Biroul+de+Cooperare+Regional%C4%83+pentru+Tineret-ro
blocare_a_tampoanelor = blocare+a+tampoanelor-ro
bună_guvernanță_fiscală = bun%C4%83+guvernan%C8%9B%C4%83+fiscal%C4%83-ro
bio-moderație = bio-modera%C8%9Bie-ro
bsac = BSAC-ro
beneficiar_al_statutului_conferit_prin_protecție_subsidiară = beneficiar+al+statutului+conferit+prin+protec%C8%9Bie+subsidiar%C4%83-ro
bagaj_de_cabină = bagaj+de+cabin%C4%83-ro
banchetă_a_vehiculului = banchet%C4%83+a+vehiculului-ro
balast_de_înaltă_frecvență = balast+de+%C3%AEnalt%C4%83+frecven%C8%9B%C4%83-ro
bază_aeriană_de_operații_dislocabilă_a_ue = baz%C4%83+aerian%C4%83+de+opera%C8%9Bii+dislocabil%C4%83+a+UE-ro
bor = bor-ro
blocaj_negestionat_al_unui_drum = blocaj+negestionat+al+unui+drum-ro
beneficiar_al_moștenirii = beneficiar+al+mo%C8%99tenirii-ro
bun_în_trimitere_poștală = bun+%C3%AEn+trimitere+po%C8%99tal%C4%83-ro
balena_înotătoare = balena+%C3%AEnot%C4%83toare-ro
bmd10 = BMD10-ro
