hpr0_isav = HPR0+ISAV-mt
hsc = HSC-mt
hot_swapping = hot+swapping-mt
harakat-ul_jihad_islami = Harakat-ul+Jihad+Islami-mt
hfa = HFA-mt
hoodigosidu = hoodigosidu-mt
herpes_simplex = herpes+simplex-mt
hdmi = HDMI-mt
hcmv = HCMV-mt
hub_għall-għoti_tal-liċenzji = hub+g%C4%A7all-g%C4%A7oti+tal-li%C4%8Benzji-mt
hfid = HFID-mt
hpg = HPG-mt
heat = HEAT-mt
hspa = HSPA-mt
haircut = haircut-mt
htcc = HTCC-mt
hkd = HKD-mt
hanoi = Hanoi-mt
helpdesk_għad-dpi = Helpdesk+g%C4%A7ad-DPI-mt
hcld = HCLD-mt
hm = HM-mt
harare = Harare-mt
hit_falza = hit+falza-mt
hap = HAP-mt
hong_kong,_iċ-ċina = Hong+Kong%2C+i%C4%8B-%C4%8Aina-mt
hotspot = hotspot-mt
hj = Hj-mt
hezbollah = Hezbollah-mt
harakat_ul-ansar = Harakat+Ul-Ansar-mt
hercule_iii = Hercule+III-mt
humint = HUMINT-mt
henna = henna-mt
hbw = HBW-mt
hors_de_combat = hors+de+combat-mt
honiara = Honiara-mt
hedging = hedging-mt
hdi = HDI-mt
hub_kreattiv = hub+kreattiv-mt
hev = HEV-mt
hedging_dinamiku = hedging+dinamiku-mt
howitzer = howitzer-mt
hcfa = HCFA-mt
hbcdd = HBCDD-mt
hoplodactylus_spp. = Hoplodactylus+spp.-mt
hud = HUD-mt
hleg = HLEG-mt
hrgc/hrms = HRGC%2FHRMS-mt
hla = HLA-mt
helpdesk_ewropew_tad-drittijiet_tal-proprjetà_intellettwali = helpdesk+Ewropew+tad-drittijiet+tal-proprjet%C3%A0+intellettwali-mt
htf-plus = HTF-Plus-mt
hradf = HRADF-mt
hangul = hangul-mt
hems = HEMS-mt
hn2:_bis_(2-kloroetil)_metilammina = HN2%3A+bis+%282-kloroetil%29+metilammina-mt
hamster = hamster-mt
hepa_europe = HEPA+Europe-mt
hosting_tal-internet = hosting+tal-internet-mt
hessen = Hessen-mt
house_of_commons_tar-renju_unit = House+of+Commons+tar-Renju+Unit-mt
hua = HUA-mt
hfsf = HFSF-mt
hicp = HICP-mt
hess = HESS-mt
hacker_etiku = hacker+etiku-mt
hot = HoT-mt
hn3:_tris_(2-kloroetil)_ammina = HN3%3A+tris+%282-kloroetil%29+ammina-mt
hedge_fil-portafoll_fuq_ir-riskju_taċ-ċaqliq_fir-rata_tal-imgħax = hedge+fil-portafoll+fuq+ir-riskju+ta%C4%8B-%C4%8Baqliq+fir-rata+tal-img%C4%A7ax-mt
harakat_sham_al-islam = Harakat+Sham+al-Islam-mt
hit = hit-mt
hnv = HNV-mt
hedging_b'delta_newtrali = hedging+b%27delta+newtrali-mt
hizbul_mujahideen = Hizbul+Mujahideen-mt
hacking = hacking-mt
heal = HEAL-mt
hacking_etiku = hacking+etiku-mt
house_officer = house+officer-mt
hub_tal-gass = hub+tal-gass-mt
htf = HTF-mt
hdop = HDOP-mt
hnc = HNC-mt
hedayah = Hedayah-mt
hamamelis = Hamamelis-mt
hdim = HDIM-mt
hudls = HUDLS-mt
hcoc = HCOC-mt
helpdesk_għad-drittijiet_ta'_proprjetà_intellettwali = Helpdesk+g%C4%A7ad-Drittijiet+ta%27+Proprjet%C3%A0+Intellettwali-mt
hub = hub-mt
hdv = HDV-mt
hoi = HOI-mt
hlpm = HLPM-mt
h = H-mt
hedge_fuq_il-valur_ġust = hedge+fuq+il-valur+%C4%A1ust-mt
hp = hp-mt
hotline_ewropew_għat-tfal_neqsin = hotline+Ewropew+g%C4%A7at-tfal+neqsin-mt
hho_lil_hinn_mill-kosta = HHO+lil+hinn+mill-kosta-mt
hedges_ta'_investiment_nett_f'operazzjoni_barranija = hedges+ta%27+investiment+nett+f%27operazzjoni+barranija-mt
holding_hopper = holding+hopper-mt
hplc_akkoppjat_ma'_spettrometru_ta'_massa_bi_kwadrupol_triplu = HPLC+akkoppjat+ma%27+spettrometru+ta%27+massa+bi+kwadrupol+triplu-mt
hipc = HIPC-mt
hepa = HEPA-mt
hackathon = hackathon-mt
hamster_ċiniż = hamster+%C4%8Aini%C5%BC-mt
hong_kong_sar = Hong+Kong+SAR-mt
hrc = HRC-mt
helcom = HELCOM-mt
hn1:_bis_(2-kloroetil)_etilammina = HN1%3A+bis+%282-kloroetil%29+etilammina-mt
hns = HNS-mt
harmspro = HARMSPRO-mt
helpdesk_ewropew_tad-dpi = helpdesk+Ewropew+tad-DPI-mt
hfc = HFC-mt
hpai = HPAI-mt
hlg = HLG-mt
hlwp = HLWP-mt
holdings_ta'_dejn_sovran = holdings+ta%27+dejn+sovran-mt
hedging_tar-riskju_tar-rata_ta'_imgħax_fuq_titolu_b'derivat = hedging+tar-riskju+tar-rata+ta%27+img%C4%A7ax+fuq+titolu+b%27derivat-mt
houthis = Houthis-mt
hpc = HPC-mt
hplc = HPLC-mt
havana = Havana-mt
hay'at_tahrir_al-sham = Hay%27at+Tahrir+al-Sham-mt
hynobiidae = Hynobiidae-mt
helsinki = Helsinki-mt
hub_ta'_innovazzjoni_diġitali = hub+ta%27+innovazzjoni+di%C4%A1itali-mt
hg = HG-mt
hamas_idq = Hamas+IDQ-mt
hts = HTS-mt
hr = HR-mt
hedge_intern = hedge+intern-mt
hgq = HGQ-mt
helios = Helios-mt
handprint_tal-karbonju = handprint+tal-karbonju-mt
hashtag = hashtag-mt
hassju = hassju-mt
hermes_2011 = Hermes+2011-mt
hedging_eċċessiv = hedging+e%C4%8B%C4%8Bessiv-mt
hpvc = HPVC-mt
hcoc = HCoC-mt
herpes_zoster = herpes+zoster-mt
hcnm = HCNM-mt
hale = HALE-mt
headshop = headshop-mt
hbv = HBV-mt
house_of_lords_tar-renju_unit = House+of+Lords+tar-Renju+Unit-mt
harakat_ahrar_al-sham_al-islamiyya = Harakat+Ahrar+al-Sham+al-Islamiyya-mt
hub_ta'_network = hub+ta%27+network-mt
hrm = HRM-mt
hdd = HDD-mt
humped_rockcod = humped+rockcod-mt
hippopotamidae = Hippopotamidae-mt
htpb = HTPB-mt
holding_kwalifikanti = holding+kwalifikanti-mt
htf+ = HTF%2B-mt
hrsd = HRSD-mt
hashing = hashing-mt
hsn = HSN-mt
hass = HASS-mt
hrms = HRMS-mt
