web_sémantique = web+s%C3%A9mantique-fr
xénogénique = x%C3%A9nog%C3%A9nique-fr
wagon_à_quatre_essieux = wagon+%C3%A0+quatre+essieux-fr
wehnelt = Wehnelt-fr
whs = WHS-fr
wagon_ferry-boat = wagon+ferry-boat-fr
welmec = WELMEC-fr
xiphosures = xiphosures-fr
weco = WECO-fr
wigan = wigan-fr
wep = WEP-fr
watt_par_stéradian = watt+par+st%C3%A9radian-fr
wagon_couvert_à_portes_latérales = wagon+couvert+%C3%A0+portes+lat%C3%A9rales-fr
xon-xoff = xon-xoff-fr
web_invisible = web+invisible-fr
wallonie_espace = Wallonie+Espace-fr
wagon_à_gabarit_britannique = wagon+%C3%A0+gabarit+britannique-fr
wombats = wombats-fr
wagon_flanger = wagon+flanger-fr
wagon_superchargé = wagon+supercharg%C3%A9-fr
wo = wo-fr
wagon_poche = wagon+poche-fr
wattmètre_bolométrique = wattm%C3%A8tre+bolom%C3%A9trique-fr
wander = wander-fr
xylographe = xylographe-fr
xénysalate = x%C3%A9nysalate-fr
whipcord = whipcord-fr
wagon_à_ballast = wagon+%C3%A0+ballast-fr
xinomyzithra = xinomyzithra-fr
whisky_de_malt = whisky+de+malt-fr
withérite = with%C3%A9rite-fr
xenopsylla_cheopis = xenopsylla+cheopis-fr
wagon_charbonnier = wagon+charbonnier-fr
warrant_sur_de_vise = warrant+sur+de+vise-fr
wananet = WANANET-fr
wasdis = WASDIS-fr
webcam = webcam-fr
wub = WUB-fr
wagon_du_réseau = wagon+du+r%C3%A9seau-fr
wagon-raccord = wagon-raccord-fr
warrior = Warrior-fr
wex = WEX-fr
warrant_attaché_au_titre = warrant+attach%C3%A9+au+titre-fr
xcd = XCD-fr
wagon_dérouleur_de_caténaire = wagon+d%C3%A9rouleur+de+cat%C3%A9naire-fr
xyloxémine = xylox%C3%A9mine-fr
wioto = WIOTO-fr
woolmark = woolmark-fr
wagon_route_roulante = wagon+route+roulante-fr
wcdp = WCDP-fr
wagon_pour_le_transport_de_minerai = wagon+pour+le+transport+de+minerai-fr
wagr = WAGR-fr
wagon_à_cloisons_à_étage = wagon+%C3%A0+cloisons+%C3%A0+%C3%A9tage-fr
wagonnet_sur_pneus_à_benne_basculante_pour_le_nettoyage_de_la_rigole_à_déjections = wagonnet+sur+pneus+%C3%A0+benne+basculante+pour+le+nettoyage+de+la+rigole+%C3%A0+d%C3%A9jections-fr
wagon_plat_surbaissé = wagon+plat+surbaiss%C3%A9-fr
xylella_fastidiosa = Xylella+fastidiosa-fr
wagon-frein = wagon-frein-fr
xylographique = xylographique-fr
wagon_mauvais_rouleur = wagon+mauvais+rouleur-fr
wall_street = Wall+Street-fr
whiteout = whiteout-fr
wagon-vivier = wagon-vivier-fr
wagon_à_cloisonnement_intérieur = wagon+%C3%A0+cloisonnement+int%C3%A9rieur-fr
web_visible = web+visible-fr
xplora = Xplora-fr
wagon_plat_aménagé_pour_le_transport_de_conteneurs = wagon+plat+am%C3%A9nag%C3%A9+pour+le+transport+de+conteneurs-fr
white_burley = White+Burley-fr
xmodem = Xmodem-fr
wbm = WBM-fr
whisky_bourbon = whisky+Bourbon-fr
warfarine = warfarine-fr
wvii-x = WVII-X-fr
wagon_à_toit_ouvrant_coulissant = wagon+%C3%A0+toit+ouvrant+coulissant-fr
wano = WANO-fr
watt_par_mètre_carré = watt+par+m%C3%A8tre+carr%C3%A9-fr
wedem = WEDEM-fr
wagon_freiné = wagon+frein%C3%A9-fr
wagon_transfesa = wagon+Transfesa-fr
wats = WATS-fr
wagon_à_toit_ouvrant_enroulable = wagon+%C3%A0+toit+ouvrant+enroulable-fr
wasabi = wasabi-fr
whiskey_coupé = whiskey+coup%C3%A9-fr
wagon-lits = wagon-lits-fr
wimp = wimp-fr
wallonie-bruxelles_international = Wallonie-Bruxelles+International-fr
wifo = WIFO-fr
wap = WAP-fr
willy-willy = willy-willy-fr
www = WWW-fr
wbcti = WBCTi-fr
xénon_liquide_réfrigéré = x%C3%A9non+liquide+r%C3%A9frig%C3%A9r%C3%A9-fr
wagon_céréalier = wagon+c%C3%A9r%C3%A9alier-fr
wattmètre_monophasé_basse_puissance = wattm%C3%A8tre+monophas%C3%A9+basse+puissance-fr
wash_load = wash+load-fr
wagon_différé = wagon+diff%C3%A9r%C3%A9-fr
xyphodynie = xyphodynie-fr
xérostomie = x%C3%A9rostomie-fr
wagon_à_plate-forme_élévatrice = wagon+%C3%A0+plate-forme+%C3%A9l%C3%A9vatrice-fr
wagon_plat_ordinaire = wagon+plat+ordinaire-fr
wharf = wharf-fr
warrant_au_porteur = warrant+au+porteur-fr
wallonie-bruxelles_musiques = Wallonie-Bruxelles+Musiques-fr
x = x-fr
wol = WOL-fr
wec = WEC-fr
xérosérie = x%C3%A9ros%C3%A9rie-fr
wagon_à_capots_télescopiques = wagon+%C3%A0+capots+t%C3%A9lescopiques-fr
wagon_vide_en_retour = wagon+vide+en+retour-fr
wagon-foudre = wagon-foudre-fr
wattmètre_à_palette = wattm%C3%A8tre+%C3%A0+palette-fr
xénogamie = x%C3%A9nogamie-fr
wspa = WSPA-fr
w/m.k = W%2Fm.K-fr
wnti = WNTI-fr
wagon_de_transbordement = wagon+de+transbordement-fr
wagon_"réseau" = Wagon+%22r%C3%A9seau%22-fr
wagon_pour_transport_de_semi-remorques = wagon+pour+transport+de+semi-remorques-fr
wlra = WLRA-fr
waripnet = WARIPNET-fr
wr2 = WR2-fr
wagon_à_faces_coulissantes = wagon+%C3%A0+faces+coulissantes-fr
wagon-pupitre = wagon-pupitre-fr
waliser = Waliser-fr
wan = WAN-fr
wagon_pour_le_transport_de_combustibles_nucléaires_usés = wagon+pour+le+transport+de+combustibles+nucl%C3%A9aires+us%C3%A9s-fr
whipc_rd = whipc+rd-fr
xenical = Xenical-fr
wagon_à_charbon = wagon+%C3%A0+charbon-fr
wagon-silo = wagon-silo-fr
wagon_à_charpentes_à_becs = wagon+%C3%A0+charpentes+%C3%A0+becs-fr
xanthine = xanthine-fr
wagon-kangourou = wagon-kangourou-fr
woce = WOCE-fr
xylulose = xylulose-fr
wagon_à_benne_levante_basculante = wagon+%C3%A0+benne+levante+basculante-fr
xanthome_naevoïde = xanthome+naevo%C3%AFde-fr
wagon_fermé = wagon+ferm%C3%A9-fr
wagon_route-roulante = wagon+route-roulante-fr
xérique = x%C3%A9rique-fr
xylostrome = xylostrome-fr
xp = XP-fr
wichita = wichita-fr
xfp = XFP-fr
wagon_à_manoeuvrer_avec_précaution = wagon+%C3%A0+manoeuvrer+avec+pr%C3%A9caution-fr
whisky_soda = whisky+soda-fr
wagon_à_toiture_enroulable = wagon+%C3%A0+toiture+enroulable-fr
win_52084 = WIN+52084-fr
watered_effect = watered+effect-fr
xylébore_disprate = xyl%C3%A9bore+disprate-fr
xénomonnaie = x%C3%A9nomonnaie-fr
wagon_à_tréteaux = wagon+%C3%A0+tr%C3%A9teaux-fr
wc_étanches = WC+%C3%A9tanches-fr
western_blot = Western+blot-fr
whip_principal_de_l'opposition = Whip+principal+de+l%27opposition-fr
xanthiol = xanthiol-fr
wayana = wayana-fr
wagon_plateforme = wagon+plateforme-fr
wafer_photovoltaïque = wafer+photovolta%C3%AFque-fr
x_windows = X+Windows-fr
wagon_autodéchargeur = wagon+autod%C3%A9chargeur-fr
wagon-squelette = wagon-squelette-fr
warrant_d'actions = warrant+d%27actions-fr
world_nuclear_transport_institute = World+Nuclear+Transport+Institute-fr
waccar = WACCAR-fr
wist = WIST-fr
wdc = WDC-fr
wetuc = WETUC-fr
xt = XT-fr
xérophyte = x%C3%A9rophyte-fr
wastringue = wastringue-fr
xanax = Xanax-fr
watt-crête = watt-cr%C3%AAte-fr
wagon-trémie_à_toit_ouvrant = wagon-tr%C3%A9mie+%C3%A0+toit+ouvrant-fr
wallonie-intranet = Wallonie-Intranet-fr
wagon-trémie_sans_toit = wagon-tr%C3%A9mie+sans+toit-fr
x_barre = x+barre-fr
wagon-ferry = wagon-ferry-fr
wagon_plat_à_bords_fixes = wagon+plat+%C3%A0+bords+fixes-fr
wagon_découvert_à_bords_bas = wagon+d%C3%A9couvert+%C3%A0+bords+bas-fr
wagon_à_trémie = wagon+%C3%A0+tr%C3%A9mie-fr
xénoréactif = x%C3%A9nor%C3%A9actif-fr
xénomorphe = x%C3%A9nomorphe-fr
wagon_de_sûreté = wagon+de+s%C3%BBret%C3%A9-fr
wagon_réfrigérant = wagon+r%C3%A9frig%C3%A9rant-fr
wattmètre_électrostatique = wattm%C3%A8tre+%C3%A9lectrostatique-fr
wacs = WACS-fr
xibornol = xibornol-fr
xylophone = xylophone-fr
wroclaw = Wroclaw-fr
wavaw = WAVAW-fr
wallon = WALLON-fr
wagon_à_bière = wagon+%C3%A0+bi%C3%A8re-fr
wagon_basket = wagon+basket-fr
xylane = xylane-fr
xinafoate = xinafoate-fr
wagon-tombereau_à_bâchage_mécanique = wagon-tombereau+%C3%A0+b%C3%A2chage+m%C3%A9canique-fr
walkie-talkie = walkie-talkie-fr
wr1 = WR1-fr
wapi = WAPI-fr
wam = WAM-fr
wysimolwyg = WYSIMOLWYG-fr
wagon_meuleur_de_rails = wagon+meuleur+de+rails-fr
wagon_à_plate-forme_surbaissée = wagon+%C3%A0+plate-forme+surbaiss%C3%A9e-fr
wagon_à_céréales = wagon+%C3%A0+c%C3%A9r%C3%A9ales-fr
winch_du_tangon = winch+du+tangon-fr
wulo = wulo-fr
xénophobie = x%C3%A9nophobie-fr
wagon_dérailleur = wagon+d%C3%A9railleur-fr
whisker = whisker-fr
wattmètre_de_précision = wattm%C3%A8tre+de+pr%C3%A9cision-fr
wi-fi = Wi-Fi-fr
web_profond = web+profond-fr
wagon_à_double_plancher_pour_le_transport_d'automobiles = wagon+%C3%A0+double+plancher+pour+le+transport+d%27automobiles-fr
wake_on_lan = Wake+On+Lan-fr
xh = xh-fr
wagon_de_queue = wagon+de+queue-fr
wagon_chargé = wagon+charg%C3%A9-fr
wagon-poche_pour_le_transport_de_fonte_en_fusion = wagon-poche+pour+le+transport+de+fonte+en+fusion-fr
watts = WATTS-fr
wagon_de_protection = wagon+de+protection-fr
wavellite = wavellite-fr
xylotriose = xylotriose-fr
wagon_à_température_dirigée = wagon+%C3%A0+temp%C3%A9rature+dirig%C3%A9e-fr
wagon_de_groupage = wagon+de+groupage-fr
wallaby-lièvre_roux = wallaby-li%C3%A8vre+roux-fr
wadi = wadi-fr
wagon_de_chemin_de_fer_spécial_surbaissé = wagon+de+chemin+de+fer+sp%C3%A9cial+surbaiss%C3%A9-fr
xérothermique = x%C3%A9rothermique-fr
wic = WIC-fr
westerlies_polaires = westerlies+polaires-fr
wpa = WPA-fr
wagon_de_marchandises = wagon+de+marchandises-fr
wagon-grue = wagon-grue-fr
wallonie = Wallonie-fr
wagon_du_trafic_accéléré = wagon+du+trafic+acc%C3%A9l%C3%A9r%C3%A9-fr
wagon_à_rails = wagon+%C3%A0+rails-fr
wc_chimique = WC+chimique-fr
web_de_surface = web+de+surface-fr
wagon_porteur_d'automobiles = wagon+porteur+d%27automobiles-fr
webtélé = webt%C3%A9l%C3%A9-fr
waci = WACI-fr
xiphiidés = xiphiid%C3%A9s-fr
wash-primer = wash-primer-fr
wallis-et-futuna = Wallis-et-Futuna-fr
wagon_de_particulier = wagon+de+particulier-fr
wagon_à_parois_démontables = wagon+%C3%A0+parois+d%C3%A9montables-fr
xanthosidérite = xanthosid%C3%A9rite-fr
wagon_pour_transport_d'autos = wagon+pour+transport+d%27autos-fr
wagon_marche_en_queue = wagon+marche+en+queue-fr
watt_par_mètre_carré-kelvin = watt+par+m%C3%A8tre+carr%C3%A9-kelvin-fr
xanthate_de_cellulose = xanthate+de+cellulose-fr
wbi = WBI-fr
xylyl = xylyl-fr
webcast = webcast-fr
whisky_irlandais = whisky+irlandais-fr
x.400 = X.400-fr
wagon_à_installation_calorifique = wagon+%C3%A0+installation+calorifique-fr
web_surfacique = web+surfacique-fr
wassingue = wassingue-fr
wagon_aménagé_pour_la_prévention_des_avaries = wagon+am%C3%A9nag%C3%A9+pour+la+pr%C3%A9vention+des+avaries-fr
wagon_isolé = wagon+isol%C3%A9-fr
wagon_plate-forme = wagon+plate-forme-fr
wimpzilla = wimpzilla-fr
wagon_plat = wagon+plat-fr
wagon_à_minerai = wagon+%C3%A0+minerai-fr
week-end_sur_un_pâturage_alpin = week-end+sur+un+p%C3%A2turage+alpin-fr
xylanase = xylanase-fr
xanthopsie = xanthopsie-fr
weser-ems = Weser-Ems-fr
xylidine = Xylidine-fr
water_closet = water+clOset-fr
wagon_portique = wagon+portique-fr
wagon_meuleur = wagon+meuleur-fr
wavre = Wavre-fr
wfmh = WFMH-fr
wizz = wizz-fr
wagon_à_coke = wagon+%C3%A0+coke-fr
westamaran = Westamaran-fr
won_nord-coréen = won+nord-cor%C3%A9en-fr
wellingtonia = wellingtonia-fr
wagon_glacé = wagon+glac%C3%A9-fr
watergang = watergang-fr
xanthine-guanine_phosphoribosyl_transférase = xanthine-guanine+phosphoribosyl+transf%C3%A9rase-fr
xérographie = x%C3%A9rographie-fr
wallaby-lièvre_rayé = Wallaby-li%C3%A8vre+ray%C3%A9-fr
xénie = x%C3%A9nie-fr
winch_d'écoute_du_spinnaker = winch+d%27%C3%A9coute+du+spinnaker-fr
white_hat = white+hat-fr
wagon_pour_transport_d'essieux = wagon+pour+transport+d%27essieux-fr
wagon_loué = wagon+lou%C3%A9-fr
wagon_pour_le_transport_des_bois_en_grumes = wagon+pour+le+transport+des+bois+en+grumes-fr
waines = Waines-fr
wagon_standard = wagon+standard-fr
wagon_plat_à_bogies = wagon+plat+%C3%A0+bogies-fr
wurtzite = wurtzite-fr
wagon-restaurant = wagon-restaurant-fr
xénobiotiques = x%C3%A9nobiotiques-fr
wa = WA-fr
weed = weed-fr
wenra = WENRA-fr
wagon_citerne = wagon+citerne-fr
wagon_à_trois_essieux = wagon+%C3%A0+trois+essieux-fr
wattmètre_à_pont_auto-équilibreur = wattm%C3%A8tre+%C3%A0+pont+auto-%C3%A9quilibreur-fr
wbcsd = WBCSD-fr
wagon_à_déchargement_automatique = wagon+%C3%A0+d%C3%A9chargement+automatique-fr
xénogreffe_cellulaire = x%C3%A9nogreffe+cellulaire-fr
wtoe = WTOE-fr
wkp = WKP-fr
xaliprodène = xaliprod%C3%A8ne-fr
wimps = Wimps-fr
w3c = W3C-fr
wpgr = WPGR-fr
xizang = Xizang-fr
xénodevise = x%C3%A9nodevise-fr
wira = wira-fr
wem = WEM-fr
westphalite = westphalite-fr
wagon_à_ouverture_en_bout = wagon+%C3%A0+ouverture+en+bout-fr
wagon_bâché = wagon+b%C3%A2ch%C3%A9-fr
w/sr = W%2Fsr-fr
webdiffusion = webdiffusion-fr
wolesi_jirga = Wolesi+Jirga-fr
wb = WB-fr
wagon-école = wagon-%C3%A9cole-fr
wpp = WPP-fr
wbfp = WBFP-fr
webmail = webmail-fr
wapc = WAPC-fr
wagon_porte-nacelle = wagon+porte-nacelle-fr
wenlockien_(étage) = wenlockien+%28%C3%A9tage%29-fr
wagon_de_type_spécial = wagon+de+type+sp%C3%A9cial-fr
xénodiagnostic = x%C3%A9nodiagnostic-fr
xylocoumarol = xylocoumarol-fr
wattmètre_pour_valeurs_moyennes_vraies = wattm%C3%A8tre+pour+valeurs+moyennes+vraies-fr
wagon_d'auscultation_de_la_voie = wagon+d%27auscultation+de+la+voie-fr
wagon_à_tarer_les_bascules = wagon+%C3%A0+tarer+les+bascules-fr
wc = Wc-fr
westphalie = Westphalie-fr
wagon_d'affectation_direct = wagon+d%27affectation+direct-fr
wattmètre_à_hyperfréquence = wattm%C3%A8tre+%C3%A0+hyperfr%C3%A9quence-fr
wagon-bétonneur = wagon-b%C3%A9tonneur-fr
wagon_à_attelage_souple = wagon+%C3%A0+attelage+souple-fr
welwitschiacées = Welwitschiac%C3%A9es-fr
xylophages_des_maisons = xylophages+des+maisons-fr
warpage = warpage-fr
xénobiotique = x%C3%A9nobiotique-fr
wagon_bifoudre = wagon+bifoudre-fr
writer = writer-fr
wagon_à_toiture_ouvrante_enroulable = wagon+%C3%A0+toiture+ouvrante+enroulable-fr
xorphanol = xorphanol-fr
wcpfc = WCPFC-fr
white_spirit = white+spirit-fr
wenlockien = wenlockien-fr
xerga = xerga-fr
wagon_remorque = wagon+remorque-fr
x_surligné = x+surlign%C3%A9-fr
wr = WR-fr
wagons_"réseau" = wagons+%22r%C3%A9seau%22-fr
xfel_européen = XFEL+europ%C3%A9en-fr
wagon-réservoir = wagon-r%C3%A9servoir-fr
water-chute = water-chute-fr
wagon_frigorifique = wagon+frigorifique-fr
wattage = wattage-fr
xylophage_marin = xylophage+marin-fr
wagon-trémie_à_déchargement_axial = wagon-tr%C3%A9mie+%C3%A0+d%C3%A9chargement+axial-fr
wagon_transport_de_rails = wagon+transport+de+rails-fr
xi = Xi-fr
xaf = XAF-fr
xylème = xyl%C3%A8me-fr
wagon_collecteur = wagon+collecteur-fr
xinomiline = xinomiline-fr
whisky_de_grains = whisky+de+grains-fr
xml = XML-fr
wagon_à_évidement_central = wagon+%C3%A0+%C3%A9videment+central-fr
webphone = Webphone-fr
warrant_en_devises = warrant+en+devises-fr
warrant-cédule = warrant-c%C3%A9dule-fr
wyoming = Wyoming-fr
wagon_spécial_pour_le_transport_de_produits_gazeux = wagon+sp%C3%A9cial+pour+le+transport+de+produits+gazeux-fr
washington,_dc = Washington%2C+DC-fr
wagon_à_toit_pliant = wagon+%C3%A0+toit+pliant-fr
xipranolol = xipranolol-fr
xylène_musqué = xyl%C3%A8ne+musqu%C3%A9-fr
wagon_à_plan_de_chargement_bas = wagon+%C3%A0+plan+de+chargement+bas-fr
wagon_à_bâchage_mécanique = wagon+%C3%A0+b%C3%A2chage+m%C3%A9canique-fr
wagon-trémie_à_plancher_en_dos_d'âne = wagon-tr%C3%A9mie+%C3%A0+plancher+en+dos+d%27%C3%A2ne-fr
white_spirit = White+spirit-fr
xéromorphie = x%C3%A9romorphie-fr
wagon_corbeille = wagon+corbeille-fr
waard = waard-fr
weeder = weeder-fr
wagon_pour_transport_intermodal = wagon+pour+transport+intermodal-fr
wagon_réformé = wagon+r%C3%A9form%C3%A9-fr
xylocaïne = xyloca%C3%AFne-fr
wagon_vide_allant_prendre_charge = wagon+vide+allant+prendre+charge-fr
xénique_grimpeur = x%C3%A9nique+grimpeur-fr
warrant_nu = warrant+nu-fr
wcpc = WCPC-fr
wagon_de_choc = wagon+de+choc-fr
wgecd = WGECD-fr
wagon_étranger = wagon+%C3%A9tranger-fr
xylénol-3,5 = xyl%C3%A9nol-3%2C5-fr
waes = WAES-fr
wagon-truck = wagon-truck-fr
wajang = wajang-fr
wagonnet_à_poudre_de_pressage = wagonnet+%C3%A0+poudre+de+pressage-fr
wagon-trémie_à_déversoirs_latéraux = wagon-tr%C3%A9mie+%C3%A0+d%C3%A9versoirs+lat%C3%A9raux-fr
wagon_à_toiture_ouvrante_par_panneaux_repliables = wagon+%C3%A0+toiture+ouvrante+par+panneaux+repliables-fr
wolbachia = wolbachia-fr
woccu = WOCCU-fr
wobulateur = wobulateur-fr
wafer_solaire = wafer+solaire-fr
wagon_basculant = wagon+basculant-fr
warneton = Warneton-fr
wagon_unifié = wagon+unifi%C3%A9-fr
weog = WEOG-fr
wagon_de_détail = wagon+de+d%C3%A9tail-fr
xéno-marché = x%C3%A9no-march%C3%A9-fr
webring = Webring-fr
xinidamine = xinidamine-fr
wagon_plat_à_essieux = wagon+plat+%C3%A0+essieux-fr
wagon_de_jaugeage = wagon+de+jaugeage-fr
xénodiagnostic = X%C3%A9nodiagnostic-fr
xérophtalmie = x%C3%A9rophtalmie-fr
xantocilline = xantocilline-fr
wolframate = wolframate-fr
wpmi = WPMI-fr
wicem = WICEM-fr
waitro = WAITRO-fr
wagon_plat_pour_remorques_rail-route = wagon+plat+pour+remorques+rail-route-fr
xenon = xenon-fr
wagon_à_guérite = wagon+%C3%A0+gu%C3%A9rite-fr
wagon_de_type_courant = wagon+de+type+courant-fr
wagon_calorifique = wagon+calorifique-fr
waterstop = waterstop-fr
winceyette = winceyette-fr
wp_15 = WP+15-fr
xénoestrogène = x%C3%A9noestrog%C3%A8ne-fr
x-sar = X-SAR-fr
wagon_d'essai = wagon+d%27essai-fr
xénogame = x%C3%A9nogame-fr
wattman_de_centrales_électriques(b) = wattman+de+centrales+%C3%A9lectriques%28B%29-fr
wadden = wadden-fr
wagon_à_bogies = wagon+%C3%A0+bogies-fr
w/m2 = W%2Fm2-fr
wisconsin = Wisconsin-fr
wow = WOW-fr
warrc = WARRC-fr
witloof = witloof-fr
wagon_pour_le_fret = wagon+pour+le+fret-fr
wagon_désherbeur = wagon+d%C3%A9sherbeur-fr
wombat_à_nez_poilu_de_queensland = wombat+%C3%A0+nez+poilu+de+Queensland-fr
weimar = Weimar-fr
wacapu = wacapu-fr
wagon_à_claire-voie = wagon+%C3%A0+claire-voie-fr
wateringue = wateringue-fr
wagon_d'essai_piézoélectrique = wagon+d%27essai+pi%C3%A9zo%C3%A9lectrique-fr
wagon_pour_déblai = wagon+pour+d%C3%A9blai-fr
xylochimie = xylochimie-fr
wagon_à_poche_basculante = wagon+%C3%A0+poche+basculante-fr
whti = WHTI-fr
xanthochromie = xanthochromie-fr
warrant_détachable = warrant+d%C3%A9tachable-fr
wai = WAI-fr
whiskey_nature = whiskey+nature-fr
winch_à_embraqueur = winch+%C3%A0+embraqueur-fr
wolframite = wolframite-fr
wrapper = wrapper-fr
wagon_photo-profil = wagon+photo-profil-fr
wéber = w%C3%A9ber-fr
xénon_radioactif = x%C3%A9non+radioactif-fr
wagon_à_parois_coulissantes = wagon+%C3%A0+parois+coulissantes-fr
x = X-fr
xylane_d'avoine = xylane+d%27avoine-fr
wagon_à_essieux_interchangeables = wagon+%C3%A0+essieux+interchangeables-fr
wml = WML-fr
wagon_à_bestiaux = wagon+%C3%A0+bestiaux-fr
wcpa = WCPA-fr
wagon_couvert_à_bâchage_latéral_coulissant = wagon+couvert+%C3%A0+b%C3%A2chage+lat%C3%A9ral+coulissant-fr
wsp = WSP-fr
wagon_de_messageries = wagon+de+messageries-fr
world_resources_institute = World+Resources+Institute-fr
wal-lor-lux = Wal-Lor-Lux-fr
wagon_avec_balancier_transversal = wagon+avec+balancier+transversal-fr
waza = WAZA-fr
wefta = WEFTA-fr
wagon-grue_de_relevage = wagon-grue+de+relevage-fr
wagon_à_bords_bas = wagon+%C3%A0+bords+bas-fr
xinotyri = xinotyri-fr
webcaméra = webcam%C3%A9ra-fr
ws = WS-fr
washington = Washington-fr
w = W-fr
wâte = w%C3%A2te-fr
wst = WST-fr
wagon_à_disposition = wagon+%C3%A0+disposition-fr
xérodermie = x%C3%A9rodermie-fr
xénogreffon_cellulaire = x%C3%A9nogreffon+cellulaire-fr
won_nord_coréen = won+nord+cor%C3%A9en-fr
wagon_laitière = wagon+laiti%C3%A8re-fr
xylol = xylol-fr
wagon_squelette = wagon+squelette-fr
wagon_tamponneur = wagon+tamponneur-fr
wagon_à_coque = wagon+%C3%A0+coque-fr
we = We-fr
wagon_pour_le_transport_de_tubes = wagon+pour+le+transport+de+tubes-fr
wagon-écurie = wagon-%C3%A9curie-fr
wagon_de_grande_capacité = wagon+de+grande+capacit%C3%A9-fr
wagon-jour = wagon-jour-fr
wox = WOX-fr
xanoméline = xanom%C3%A9line-fr
wagon_ne_passant_pas_à_la_bosse = wagon+ne+passant+pas+%C3%A0+la+bosse-fr
wak = WAK-fr
wagon_énergie = wagon+%C3%A9nergie-fr
xénotransplantation = x%C3%A9notransplantation-fr
xyloporose = xyloporose-fr
wasp = Wasp-fr
xyphiidés = xyphiid%C3%A9s-fr
wifi4eu_-_le_wifi_gratuit_pour_les_européens = WiFi4EU+-+Le+wifi+gratuit+pour+les+Europ%C3%A9ens-fr
xipamide = xipamide-fr
wattheure = wattheure-fr
xantifibrate = xantifibrate-fr
wagon_plat_porteremorques = wagon+plat+porteremorques-fr
wagon_plat_à_parois_de_bout_fixes = wagon+plat+%C3%A0+parois+de+bout+fixes-fr
wagon_à_double_niveau = wagon+%C3%A0+double+niveau-fr
wahoo = wahoo-fr
wallaby_de_bennett = wallaby+de+Bennett-fr
wh = Wh-fr
wise = WISE-fr
xylographie = xylographie-fr
waternet = Waternet-fr
wdm = WDM-fr
wagon_tombereau = wagon+tombereau-fr
wal. = Wal.-fr
x.509 = X.509-fr
wagon_intermédiaire = wagon+interm%C3%A9diaire-fr
wiseana_cervinata = wiseana+cervinata-fr
web = Web-fr
wagon_particulier = wagon+particulier-fr
wagon_à_traverse_pivotante = wagon+%C3%A0+traverse+pivotante-fr
watt_par_kilogramme = watt+par+kilogramme-fr
wagon_porte-autos = wagon+porte-autos-fr
wagonnet_à_charbon = wagonnet+%C3%A0+charbon-fr
xylothèque = xyloth%C3%A8que-fr
xeroderma_pigmentosum = xeroderma+pigmentosum-fr
w/(m.k) = W%2F%28m.K%29-fr
wagon_d'inspection_des_tunnels = wagon+d%27inspection+des+tunnels-fr
wagon_à_bennes_basculantes = wagon+%C3%A0+bennes+basculantes-fr
wagon_de_fret = wagon+de+fret-fr
wru = WRU-fr
wis/pgr = WIS%2FPGR-fr
wa = Wa-fr
wagon_porte-conteneurs = wagon+porte-conteneurs-fr
wattman = wattman-fr
wagon_isotherme = wagon+isotherme-fr
wagon_avarié = wagon+avari%C3%A9-fr
willemstad = Willemstad-fr
wagon_pour_le_transport_de_rouleaux_de_tôle = wagon+pour+le+transport+de+rouleaux+de+t%C3%B4le-fr
wattmètre_à_calorimètre = wattm%C3%A8tre+%C3%A0+calorim%C3%A8tre-fr
xanthophycées = xanthophyc%C3%A9es-fr
warrant_obligataire = warrant+obligataire-fr
wagon_d'étalonnage = wagon+d%27%C3%A9talonnage-fr
wulfénite = wulf%C3%A9nite-fr
xylose = xylose-fr
wagon_d'affectation = wagon+d%27affectation-fr
xénique_des_buissons = x%C3%A9nique+des+buissons-fr
wagon_porte-rails = wagon+porte-rails-fr
wedelia_trilobata = Wedelia+trilobata-fr
xanthophylles = xanthophylles-fr
wagon_à_mineral = wagon+%C3%A0+mineral-fr
xeu = XEU-fr
wattmètre_à_pont_à_compensation_de_température = wattm%C3%A8tre+%C3%A0+pont+%C3%A0+compensation+de+temp%C3%A9rature-fr
wagon_continental = wagon+continental-fr
wagon_complet = wagon+complet-fr
xanthophylle = xanthophylle-fr
w/m2.k = W%2Fm2.K-fr
xénon_(133_xe) = x%C3%A9non+%28133+Xe%29-fr
wwc = WWC-fr
wagon_pour_le_transport_de_petits_animaux_vivants = wagon+pour+le+transport+de+petits+animaux+vivants-fr
won_sud-coréen = won+sud-cor%C3%A9en-fr
windhoek = Windhoek-fr
wagon_vide = wagon+vide-fr
wallaby-lièvre_rayé = wallaby-li%C3%A8vre+ray%C3%A9-fr
wattheuremètre = wattheurem%C3%A8tre-fr
watermark = watermark-fr
wagon_spécialisé = wagon+sp%C3%A9cialis%C3%A9-fr
xps = XPS-fr
wagon_pour_transport_de_lingots_chauds = wagon+pour+transport+de+lingots+chauds-fr
western_hemlock = Western+hemlock-fr
wagon_d'arrosage = wagon+d%27arrosage-fr
xanthi = Xanthi-fr
x-m = X-M-fr
wagon_à_deux_essieux = wagon+%C3%A0+deux+essieux-fr
xémilofiban = x%C3%A9milofiban-fr
wagon_privé = wagon+priv%C3%A9-fr
wagon_complet_g.v. = wagon+complet+G.V.-fr
webinaire = webinaire-fr
wy = WY-fr
wiso = WISO-fr
warmie-mazurie = Warmie-Mazurie-fr
wagon_plat_à_parois_de_bout = wagon+plat+%C3%A0+parois+de+bout-fr
webite_aiguë = webite+aigu%C3%AB-fr
wellington = Wellington-fr
wagon-chargeur = wagon-chargeur-fr
world_wide_grid = World+Wide+Grid-fr
wagon_de_réserve = wagon+de+r%C3%A9serve-fr
wakame = wakame-fr
w3 = W3-fr
xanthochromie_caroténique = xanthochromie+carot%C3%A9nique-fr
wl = WL-fr
wha = WHA-fr
wagon_de_service_pour_voies_ferrées = wagon+de+service+pour+voies+ferr%C3%A9es-fr
xylocope = xylocope-fr
wattmètre_à_cloison = wattm%C3%A8tre+%C3%A0+cloison-fr
wagon_de_chauffage = wagon+de+chauffage-fr
wagon-trémie_à_déchargement_sous_pression = wagon-tr%C3%A9mie+%C3%A0+d%C3%A9chargement+sous+pression-fr
wagon_à_bords_hauts = wagon+%C3%A0+bords+hauts-fr
wild_weasel = wild+weasel-fr
wolffie_sans_racines = wolffie+sans+racines-fr
xylébore_disparate = xyl%C3%A9bore+disparate-fr
wagon_spécial_pour_le_transport_de_produits_pulvérulents = wagon+sp%C3%A9cial+pour+le+transport+de+produits+pulv%C3%A9rulents-fr
x_kilo-octets = x+kilo-octets-fr
wgsc = WGSC-fr
wais = WAIS-fr
woodsia_obtuse = woodsia+obtuse-fr
wihogne = Wihogne-fr
xamotérol = xamot%C3%A9rol-fr
xeropicta_derbentina = Xeropicta+derbentina-fr
wallabi-lièvre_rayé = wallabi-li%C3%A8vre+ray%C3%A9-fr
xbrl = XBRL-fr
x_est_présumé_être_de_bonne_foi_jusqu'à_preuve_du_contraire = X+est+pr%C3%A9sum%C3%A9+%C3%AAtre+de+bonne+foi+jusqu%27%C3%A0+preuve+du+contraire-fr
wagon_plat_à_bords_rabattables = wagon+plat+%C3%A0+bords+rabattables-fr
wcc = WCC-fr
warrant_sur_l'obligation = warrant+sur+l%27obligation-fr
wagon-trémie_à_déchargement_latéral = wagon-tr%C3%A9mie+%C3%A0+d%C3%A9chargement+lat%C3%A9ral-fr
walele = walele-fr
wagon_surbaissé = wagon+surbaiss%C3%A9-fr
xérophytes = x%C3%A9rophytes-fr
xalatan = Xalatan-fr
wagon_à_benne_basculante = wagon+%C3%A0+benne+basculante-fr
wacact = WACACT-fr
wagon_spécial = wagon+sp%C3%A9cial-fr
wiki_pour_les_jeunes = wiki+pour+les+jeunes-fr
w = w-fr
w_de_shapiro-wilks = W+de+Shapiro-Wilks-fr
wolframate_de_calcium = wolframate+de+calcium-fr
wagonnet_de_contrôle = wagonnet+de+contr%C3%B4le-fr
wattmètre_calorimétrique = wattm%C3%A8tre+calorim%C3%A9trique-fr
weissbier = weissbier-fr
xilitol = xilitol-fr
wana-pgrc = WANA-PGRC-fr
watt_par_mètre-kelvin = watt+par+m%C3%A8tre-kelvin-fr
wagon-tampon = wagon-tampon-fr
warning = warning-fr
wagon_réservoir = wagon+r%C3%A9servoir-fr
weekblad_voor_fiscaal_recht = Weekblad+voor+Fiscaal+Recht-fr
xénope_du_cap = x%C3%A9nope+du+Cap-fr
wagon_à_primeurs = wagon+%C3%A0+primeurs-fr
western_blot = western+blot-fr
water-jacket = water-jacket-fr
wmi = WMI-fr
weekblad_voor_privaat-_en_notarieelrecht = Weekblad+voor+privaat-+en+notarieelrecht-fr
warsage = Warsage-fr
working_balances = working+balances-fr
xylane_de_bouleau = xylane+de+bouleau-fr
winch_d'écoute_du_spi = winch+d%27%C3%A9coute+du+spi-fr
xibénolol = xib%C3%A9nolol-fr
wagon_automoteur = wagon+automoteur-fr
wagon_à_toit_coulissant = wagon+%C3%A0+toit+coulissant-fr
web-tv = web-tv-fr
warrants_de_stock = warrants+de+stock-fr
wkb = WKB-fr
wagon_à_poche_fixe = wagon+%C3%A0+poche+fixe-fr
wagon_plat_à_bougies = wagon+plat+%C3%A0+bougies-fr
wad = WAD-fr
waradin = waradin-fr
world_cancer_research_fund_international = World+Cancer+Research+Fund+International-fr
ximoprofène = ximoprof%C3%A8ne-fr
xylane_de_bois_de_bouleau = xylane+de+bois+de+bouleau-fr
wider = WIDER-fr
xof = XOF-fr
wallophone = wallophone-fr
wallonie,_lorraine_et_grand-duché_de_luxembourg = Wallonie%2C+Lorraine+et+grand-duch%C3%A9+de+Luxembourg-fr
wagon_à_toit_et_parois_latérales_coulissants = wagon+%C3%A0+toit+et+parois+lat%C3%A9rales+coulissants-fr
wawa = wawa-fr
wapiti = wapiti-fr
warrant_d'entrepôt = warrant+d%27entrep%C3%B4t-fr
win = WIN-fr
wagon_à_plancher_mobile = wagon+%C3%A0+plancher+mobile-fr
xylométazoline = xylom%C3%A9tazoline-fr
wilking = wilking-fr
wama = wama-fr
wirsung = Wirsung-fr
wac = WAC-fr
wagon_transport_de_minerai = wagon+transport+de+minerai-fr
xanthine_oxydase = xanthine+oxydase-fr
wüstenquartz = w%C3%BCstenquartz-fr
wgps = WGPS-fr
wagonnet_de_four_tunnel = wagonnet+de+four+tunnel-fr
wagonnet_decauville = wagonnet+Decauville-fr
wagon_à_pont-levis = wagon+%C3%A0+pont-levis-fr
wauthier-braine = Wauthier-Braine-fr
wsn = WSN-fr
woodburytypie = Woodburytypie-fr
wsba = WSBA-fr
wash_trade = wash+trade-fr
wagon_d'inspection_des_ouvrages_d'art = wagon+d%27inspection+des+ouvrages+d%27art-fr
wagon_autodéchargeable = wagon+autod%C3%A9chargeable-fr
wobbulation_d'impulsions = wobbulation+d%27impulsions-fr
wagon-tombereau = wagon-tombereau-fr
wino = wino-fr
wab = WAB-fr
wattmètre_thermoélectrique = wattm%C3%A8tre+thermo%C3%A9lectrique-fr
warp_dressing = warp+dressing-fr
woluwe-saint-etienne = Woluwe-Saint-Etienne-fr
wagon_porte-conteneurs_à_deux_niveaux = wagon+porte-conteneurs+%C3%A0+deux+niveaux-fr
wks = WKS-fr
wagons-citernes = wagons-citernes-fr
whirlpool = whirlpool-fr
wagon_couvert = wagon+couvert-fr
web_edi = web+EDI-fr
wagon_à_déchargement_par_le_fond = wagon+%C3%A0+d%C3%A9chargement+par+le+fond-fr
wagon-poche = wagon-poche-fr
wireless_application_protocol = Wireless+Application+Protocol-fr
xist = XIST-fr
xylobiose = xylobiose-fr
workflow = workflow-fr
xénogreffe = x%C3%A9nogreffe-fr
whiskey = whiskey-fr
wagon_porte-conteneurs_de_60' = wagon+porte-conteneurs+de+60%27-fr
wp = WP-fr
waicent = WAICENT-fr
whisker_de_céramique = whisker+de+c%C3%A9ramique-fr
wagon_à_toit_ouvrant = wagon+%C3%A0+toit+ouvrant-fr
webradio = webradio-fr
walwary = Walwary-fr
wagon_à_toit_mobile_latéralement = wagon+%C3%A0+toit+mobile+lat%C3%A9ralement-fr
wagon_schnabel = wagon+Schnabel-fr
wifi4eu = WiFi4EU-fr
wood-block = wood-block-fr
wagonnet_à_moteur = wagonnet+%C3%A0+moteur-fr
wagon_transport_de_céréales = wagon+transport+de+c%C3%A9r%C3%A9ales-fr
watt_thermique = watt+thermique-fr
warrant_couvert = warrant+couvert-fr
xénomarché = x%C3%A9nomarch%C3%A9-fr
wagon_réfrigérant_à_bac_plafonnier = wagon+r%C3%A9frig%C3%A9rant+%C3%A0+bac+plafonnier-fr
wipp = WIPP-fr
water-closet = water-closet-fr
wagon_monofoudre = wagon+monofoudre-fr
wwf = WWF-fr
wagon_à_toit_ouvrant_par_secteurs_pivotants = wagon+%C3%A0+toit+ouvrant+par+secteurs+pivotants-fr
watt = watt-fr
wrap-around = wrap-around-fr
wagon = wagon-fr
wagon_dévoyé = wagon+d%C3%A9voy%C3%A9-fr
wagon_de_course = wagon+de+course-fr
wieng_chan = Wieng+Chan-fr
wagon_à_essieux = wagon+%C3%A0+essieux-fr
wro = WRO-fr
wiki = wiki-fr
wagon_couvert_à_ouverture_latérale_totale = wagon+couvert+%C3%A0+ouverture+lat%C3%A9rale+totale-fr
wagon_à_benne_basculant_bilatéralement = wagon+%C3%A0+benne+basculant+bilat%C3%A9ralement-fr
wevenit = wevenit-fr
wkfp = WKFP-fr
w/kg = W%2Fkg-fr
webrairie = webrairie-fr
x.121_address = X.121+address-fr
wagon_minéralier = wagon+min%C3%A9ralier-fr
winch_de_la_grande_écoute = winch+de+la+grande+%C3%A9coute-fr
xanthelma_naeviforme = xanthelma+naeviforme-fr
wagon_réfrigérant_à_bac_d'extrémité = wagon+r%C3%A9frig%C3%A9rant+%C3%A0+bac+d%27extr%C3%A9mit%C3%A9-fr
xénogreffon = x%C3%A9nogreffon-fr
wamont = Wamont-fr
xéno-oestrogène = x%C3%A9no-oestrog%C3%A8ne-fr
wagon_déboudineur = wagon+d%C3%A9boudineur-fr
wkx = WKX-fr
xylène = xyl%C3%A8ne-fr
wagon_transport_d'essieux = wagon+transport+d%27essieux-fr
wi = WI-fr
wb = Wb-fr
wilayat_sinaï = Wilayat+Sina%C3%AF-fr
wagonnet-graisseur = wagonnet-graisseur-fr
week-end_de_réflexion = week-end+de+r%C3%A9flexion-fr
wagon-lit = wagon-lit-fr
warrant_d'étain = warrant+d%27%C3%A9tain-fr
xylénol = xyl%C3%A9nol-fr
wagon-silo_pour_matières_pulvérulentes = wagon-silo+pour+mati%C3%A8res+pulv%C3%A9rulentes-fr
wagon-drill = wagon-drill-fr
wende = wende-fr
waremme = Waremme-fr
warrant_d'obligations = warrant+d%27obligations-fr
wébisation = w%C3%A9bisation-fr
webconférence = Webconf%C3%A9rence-fr
wkc = WKC-fr
wagon_écarté = wagon+%C3%A9cart%C3%A9-fr
wagon-citerne_à_déchargement_par_gravité = wagon-citerne+%C3%A0+d%C3%A9chargement+par+gravit%C3%A9-fr
wagon_découvert_à_bords_hauts = wagon+d%C3%A9couvert+%C3%A0+bords+hauts-fr
xénotime = x%C3%A9notime-fr
wagon_dérouleur = wagon+d%C3%A9rouleur-fr
welwitschia_bainesii = Welwitschia+bainesii-fr
x-,y-,z-,... = x-%2Cy-%2Cz-%2C...-fr
xylane_d'hémicellulose = xylane+d%27h%C3%A9micellulose-fr
xenbucine = xenbucine-fr
xhn = XHN-fr
whisky-soda = whisky-soda-fr
wagon_transport_de_pondéreux = wagon+transport+de+pond%C3%A9reux-fr
wcefa = WCEFA-fr
wagon-grue_pour_le_service_des_quais_de_chargement = wagon-grue+pour+le+service+des+quais+de+chargement-fr
w.p. = W.P.-fr
wagon_conditionnel = wagon+conditionnel-fr
wagon_"bon_rouleur" = wagon+%22bon+rouleur%22-fr
weucom = WEUCOM-fr
wagon-grue_pour_la_pose_des_rails = wagon-grue+pour+la+pose+des+rails-fr
wagonnet_basculant = wagonnet+basculant-fr
wagon_de_secours = wagon+de+secours-fr
xylose_isomérase = xylose+isom%C3%A9rase-fr
warrant_intransmissible = warrant+intransmissible-fr
walter_butler_finances_et_partenaires = Walter+Butler+Finances+et+Partenaires-fr
wisi = WISI-fr
wilt = wilt-fr
wagon_à_plancher_surbaissé = wagon+%C3%A0+plancher+surbaiss%C3%A9-fr
wp = wp-fr
xénon_comprimé = x%C3%A9non+comprim%C3%A9-fr
w.f. = w.f.-fr
wagon_de_distribution = wagon+de+distribution-fr
xtritordeum = xTritordeum-fr
wagon_spécial_pour_le_transport_de_produits_liquides = wagon+sp%C3%A9cial+pour+le+transport+de+produits+liquides-fr
wengé = weng%C3%A9-fr
warehousing = warehousing-fr
wagon_de_brouettage = wagon+de+brouettage-fr
wagon_à_déchargement_par_air_pulsé = wagon+%C3%A0+d%C3%A9chargement+par+air+puls%C3%A9-fr
wagon_à_double_étage_pour_le_transport_d'automobiles = wagon+%C3%A0+double+%C3%A9tage+pour+le+transport+d%27automobiles-fr
wagonnage = wagonnage-fr
wc_à_l'anglaise = WC+%C3%A0+l%27anglaise-fr
wattmètre = wattm%C3%A8tre-fr
wr0 = WR0-fr
wagon_à_essieux_indépendants = wagon+%C3%A0+essieux+ind%C3%A9pendants-fr
wagon-jarres = wagon-jarres-fr
wolfram = wolfram-fr
web_caché = web+cach%C3%A9-fr
weaa = WEAA-fr
wunderman_cato_johnsons-france = Wunderman+Cato+Johnsons-France-fr
whisky = whisky-fr
wbms = WBMS-fr
winch_de_drisse = winch+de+drisse-fr
wta = WTA-fr
wattmètre_rms_à_valeur_efficace = wattm%C3%A8tre+RMS+%C3%A0+valeur+efficace-fr
xanthate_d'amidon = xanthate+d%27amidon-fr
web_sat_pub = Web+Sat+Pub-fr
walkman = walkman-fr
wicu = wicu-fr
weizenbier = weizenbier-fr
xylebore_germanique = xylebore+germanique-fr
wagon-gondole = wagon-gondole-fr
wagon_complet_p.v. = wagon+complet+P.V.-fr
wagon-citerne = wagon-citerne-fr
wagon_plat_à_bâchage_mécanique = wagon+plat+%C3%A0+b%C3%A2chage+m%C3%A9canique-fr
xylazine = xylazine-fr
xénygloxal = x%C3%A9nygloxal-fr
wagon_à_ranchers = wagon+%C3%A0+ranchers-fr
wcj = WCJ-fr
webcasting = webcasting-fr
widget = widget-fr
wagon-poste = wagon-poste-fr
wagon_wipper = wagon+wipper-fr
wattmètre_pour_valeurs_moyennes = wattm%C3%A8tre+pour+valeurs+moyennes-fr
wattmètre_sélectif = wattm%C3%A8tre+s%C3%A9lectif-fr
weber = weber-fr
whip = whip-fr
wintérisation = wint%C3%A9risation-fr
workflow_numérique = workflow+num%C3%A9rique-fr
warrant_de_stock = warrant+de+stock-fr
xinomavro = xinomavro-fr
xénique_des_rochers = x%C3%A9nique+des+rochers-fr
wagon_transport_de_lait = wagon+transport+de+lait-fr
weckamines = weckamines-fr
wfp = WFP-fr
wisard = WISARD-fr
wagon_à_deux_étages = wagon+%C3%A0+deux+%C3%A9tages-fr
xylaire = xylaire-fr
wagon_à_double_plancher_pour_le_transport_de_petits_animaux_vivants = wagon+%C3%A0+double+plancher+pour+le+transport+de+petits+animaux+vivants-fr
wagon_à_plateforme_surbaissée = wagon+%C3%A0+plateforme+surbaiss%C3%A9e-fr
wagon-kilomètre = wagon-kilom%C3%A8tre-fr
xanthogranulome_juvénile = xanthogranulome+juv%C3%A9nile-fr
wc_suspendu_avec_chasse_encastrée = WC+suspendu+avec+chasse+encastr%C3%A9e-fr
wagon-treuil = wagon-treuil-fr
wagon_ouvert = wagon+ouvert-fr
winch_des_voiles_d'avant = winch+des+voiles+d%27avant-fr
worm = WORM-fr
windcharger = Windcharger-fr
winpad = WinPad-fr
wagon_à_déchargement_contrôlé = wagon+%C3%A0+d%C3%A9chargement+contr%C3%B4l%C3%A9-fr
xénalipine = x%C3%A9nalipine-fr
wagon_à_toiture_ouvrante_par_panneaux_coulissants = wagon+%C3%A0+toiture+ouvrante+par+panneaux+coulissants-fr
warrant_agricole = warrant+agricole-fr
webzine = webzine-fr
wagon_navette = wagon+navette-fr
wollastonite = wollastonite-fr
wagon-étalon = wagon-%C3%A9talon-fr
xérophile = x%C3%A9rophile-fr
xprt = XPRT-fr
whatman = Whatman-fr
wagnérite = wagn%C3%A9rite-fr
wave_table = wave+table-fr
wits = WITS-fr
xhosa = xhosa-fr
weinbrand = Weinbrand-fr
welwitschia_mirabilis = Welwitschia+mirabilis-fr
wallonie_libre = Wallonie+Libre-fr
wallonie-bruxelles_images = Wallonie-Bruxelles+Images-fr
whx = WHX-fr
xérographie_en_couleurs = x%C3%A9rographie+en+couleurs-fr
waterboarding = waterboarding-fr
xenthiorate = xenthiorate-fr
wagonnet_à_trémie = wagonnet+%C3%A0+tr%C3%A9mie-fr
